Address,ZipCode,Latitude,Longitude,Avg Price,Venue,Venue Latitude,Venue Longitude,Venue Category
311 SW 13th St,32601,29.649057,-82.338943,854.0,Leonardo's Pizza,29.651971436618037,-82.33858523930513,Pizza Place
311 SW 13th St,32601,29.649057,-82.338943,854.0,Karma Cream,29.65190629434612,-82.33596143480719,Ice Cream Shop
311 SW 13th St,32601,29.649057,-82.338943,854.0,Chick-fil-A Express,29.647178,-82.341564,Fast Food Restaurant
311 SW 13th St,32601,29.649057,-82.338943,854.0,Publix,29.65326129323145,-82.33899482141702,Grocery Store
311 SW 13th St,32601,29.649057,-82.338943,854.0,Chick-fil-A,29.6522594,-82.3396789,Food Service
311 SW 13th St,32601,29.649057,-82.338943,854.0,Piesanos Stone Fired Pizza,29.652301513329338,-82.33900935589901,Pizza Place
311 SW 13th St,32601,29.649057,-82.338943,854.0,Plaza of the Americas,29.650275338134367,-82.3428869247738,Plaza
311 SW 13th St,32601,29.649057,-82.338943,854.0,Krispy Kreme Doughnuts,29.65420949087667,-82.33960303221403,Donut Shop
311 SW 13th St,32601,29.649057,-82.338943,854.0,Pascal's Coffeehouse and Christian Study Center,29.653269949232868,-82.34322629196772,Coffee Shop
311 SW 13th St,32601,29.649057,-82.338943,854.0,El Indio,29.655097966176747,-82.33910637938307,Mexican Restaurant
311 SW 13th St,32601,29.649057,-82.338943,854.0,Felipe's Mexican Taqueria,29.65195649255177,-82.33743871777602,Mexican Restaurant
311 SW 13th St,32601,29.649057,-82.338943,854.0,Larry's Giant Subs,29.652635045386543,-82.343992481067,Sandwich Place
311 SW 13th St,32601,29.649057,-82.338943,854.0,Tijuana Flats,29.65225,-82.34538,Restaurant
311 SW 13th St,32601,29.649057,-82.338943,854.0,Firehouse Subs,29.652305208890496,-82.34113819313252,Sandwich Place
311 SW 13th St,32601,29.649057,-82.338943,854.0,Bagels And Noodles,29.65211714060561,-82.33782632045352,Breakfast Spot
311 SW 13th St,32601,29.649057,-82.338943,854.0,Chipotle Mexican Grill,29.652292261963808,-82.34149667607767,Mexican Restaurant
311 SW 13th St,32601,29.649057,-82.338943,854.0,SweetBerries Eatery and Frozen Custard,29.655975013900466,-82.33894700785041,American Restaurant
311 SW 13th St,32601,29.649057,-82.338943,854.0,Bodytech Tattooing and Piercing,29.652139190124196,-82.33310846441805,Tattoo Parlor
311 SW 13th St,32601,29.649057,-82.338943,854.0,Mother's Pub & Grill,29.651952399972988,-82.33576979395646,Pub
311 SW 13th St,32601,29.649057,-82.338943,854.0,Bistro 1245,29.651930625830158,-82.33845372125646,American Restaurant
311 SW 13th St,32601,29.649057,-82.338943,854.0,Gyro Plus,29.651935955310705,-82.33559798995442,Mediterranean Restaurant
311 SW 13th St,32601,29.649057,-82.338943,854.0,Gator Beverage,29.652396724700694,-82.33695674057851,Liquor Store
311 SW 13th St,32601,29.649057,-82.338943,854.0,Krishna Lunch,29.65021082456007,-82.34328430072148,Buffet
311 SW 13th St,32601,29.649057,-82.338943,854.0,Relish,29.652438917902106,-82.34480153662646,Burger Joint
311 SW 13th St,32601,29.649057,-82.338943,854.0,SUBWAY,29.6518256742407,-82.33525890840542,Sandwich Place
311 SW 13th St,32601,29.649057,-82.338943,854.0,Starbucks,29.653253811845964,-82.33900221193517,Coffee Shop
311 SW 13th St,32601,29.649057,-82.338943,854.0,French Fries @ Marston,29.64798634907535,-82.3443311166232,Sculpture Garden
311 SW 13th St,32601,29.649057,-82.338943,854.0,Starbucks,29.652313,-82.341993,Coffee Shop
311 SW 13th St,32601,29.649057,-82.338943,854.0,Pita Pit,29.652458,-82.345048,Sandwich Place
311 SW 13th St,32601,29.649057,-82.338943,854.0,Target,29.65354,-82.33839,Big Box Store
311 SW 13th St,32601,29.649057,-82.338943,854.0,Gator Plus,29.65258657772496,-82.3440139045932,Clothing Store
311 SW 13th St,32601,29.649057,-82.338943,854.0,Faith Vietnamese Cuisine,29.652263,-82.33313,Vietnamese Restaurant
311 SW 13th St,32601,29.649057,-82.338943,854.0,UF Student Recreation and Fitness Center,29.65009307149653,-82.34682597686718,Gym
311 SW 13th St,32601,29.649057,-82.338943,854.0,Leonardo's 706,29.65237932361244,-82.331938974942,American Restaurant
311 SW 13th St,32601,29.649057,-82.338943,854.0,The Swamp Restaurant,29.652254916491362,-82.34460857816016,Restaurant
311 SW 13th St,32601,29.649057,-82.338943,854.0,Vietnamese Grille,29.652867266957067,-82.34591752160355,Vietnamese Restaurant
311 SW 13th St,32601,29.649057,-82.338943,854.0,Salty Dog Saloon,29.652325309575343,-82.34511566011626,Bar
311 SW 13th St,32601,29.649057,-82.338943,854.0,Chase Bank,29.652289,-82.3398869,Bank
311 SW 13th St,32601,29.649057,-82.338943,854.0,Starbucks,29.64822081509367,-82.34542436156691,Coffee Shop
311 SW 13th St,32601,29.649057,-82.338943,854.0,Sushi-2-Go,29.65228648687758,-82.34102873281431,Sushi Restaurant
311 SW 13th St,32601,29.649057,-82.338943,854.0,SUBWAY,29.64622508463593,-82.34322072072158,Sandwich Place
311 SW 13th St,32601,29.649057,-82.338943,854.0,Grog House Bar & Grill,29.652257220664318,-82.34524611228855,Bar
311 SW 13th St,32601,29.649057,-82.338943,854.0,Circle K,29.651859,-82.338914,Convenience Store
311 SW 13th St,32601,29.649057,-82.338943,854.0,Fork & Pasta,29.652239,-82.346412,Italian Restaurant
311 SW 13th St,32601,29.649057,-82.338943,854.0,Kava Bar and Hookah Lounge,29.651939342740242,-82.33544212148355,Hookah Bar
311 SW 13th St,32601,29.649057,-82.338943,854.0,Moe's Southwest Grill,29.650119264804417,-82.346184559798,Mexican Restaurant
311 SW 13th St,32601,29.649057,-82.338943,854.0,SUBWAY,29.648817602071112,-82.34477414795629,Sandwich Place
311 SW 13th St,32601,29.649057,-82.338943,854.0,Italian Gator (Pizza By The Slice),29.652104856550796,-82.34553656777933,Pizza Place
311 SW 13th St,32601,29.649057,-82.338943,854.0,Papa John's Pizza,29.651854,-82.33672,Pizza Place
311 SW 13th St,32601,29.649057,-82.338943,854.0,Subway,29.648816975563207,-82.34440224450805,Sandwich Place
311 SW 13th St,32601,29.649057,-82.338943,854.0,Enterprise Rent-A-Car,29.652387539246597,-82.33275277913435,Rental Car Location
311 SW 13th St,32601,29.649057,-82.338943,854.0,Constans Theatre,29.645907454467434,-82.3462958637108,Theater
311 SW 13th St,32601,29.649057,-82.338943,854.0,Billy-Bobz BBQ,29.652312,-82.338014,BBQ Joint
311 SW 13th St,32601,29.649057,-82.338943,854.0,Lit at Midtown Restaurant & Patio Bar,29.652162681922587,-82.34572550322534,Bar
311 SW 13th St,32601,29.649057,-82.338943,854.0,Holiday Inn University Center Gainesville,29.65266,-82.3386,Hotel
311 SW 13th St,32601,29.649057,-82.338943,854.0,GATE,29.6559055,-82.33955309999999,Gas Station
311 SW 13th St,32601,29.649057,-82.338943,854.0,Sushi Chao,29.65217602525786,-82.34399984670686,Sushi Restaurant
311 SW 13th St,32601,29.649057,-82.338943,854.0,Designer Greens,29.652574891423324,-82.34491593150022,Salad Place
311 SW 13th St,32601,29.649057,-82.338943,854.0,Au Bon Pain,29.648963,-82.345217,Sandwich Place
311 SW 13th St,32601,29.649057,-82.338943,854.0,Chick-fil-A,29.6483257,-82.3451038,Fast Food Restaurant
311 SW 13th St,32601,29.649057,-82.338943,854.0,Dunkin' / Baskin-Robbins,29.652239841545445,-82.34111714786201,Donut Shop
311 SW 13th St,32601,29.649057,-82.338943,854.0,Checkers,29.652319794516096,-82.3340688209737,Fast Food Restaurant
311 SW 13th St,32601,29.649057,-82.338943,854.0,Jimmy John's,29.652179655893597,-82.34546976341144,Sandwich Place
311 SW 13th St,32601,29.649057,-82.338943,854.0,Target Copy,29.65229682799611,-82.34112173310112,Print Shop
311 SW 13th St,32601,29.649057,-82.338943,854.0,Balls,29.652215700866034,-82.345278618366,Bar
311 SW 13th St,32601,29.649057,-82.338943,854.0,Fat Daddy's,29.652254174027423,-82.34487368220374,Cocktail Bar
311 SW 13th St,32601,29.649057,-82.338943,854.0,Burger King,29.64741289178816,-82.34147463234443,Fast Food Restaurant
311 SW 13th St,32601,29.649057,-82.338943,854.0,Dunkin',29.652249885896513,-82.34573155079033,Donut Shop
311 SW 13th St,32601,29.649057,-82.338943,854.0,Taco Bell,29.652366504838543,-82.333834333422,Fast Food Restaurant
311 SW 13th St,32601,29.649057,-82.338943,854.0,Puerto Tagwa,29.65188,-82.33355,Arepa Restaurant
3000 SW 35th Pl,32608,29.6236,-82.36716,709.0,Earth Fare,29.625308376206096,-82.37037760826644,Health Food Store
3000 SW 35th Pl,32608,29.6236,-82.36716,709.0,World of Beer,29.624416452985738,-82.37201117228898,Bar
3000 SW 35th Pl,32608,29.6236,-82.36716,709.0,Peach Valley Cafe,29.624490105011663,-82.37127816081077,American Restaurant
3000 SW 35th Pl,32608,29.6236,-82.36716,709.0,Carrabba's Italian Grill,29.6261194,-82.3715944,Italian Restaurant
3000 SW 35th Pl,32608,29.6236,-82.36716,709.0,Yummy House,29.625038706448116,-82.37270486309662,Szechuan Restaurant
3000 SW 35th Pl,32608,29.6236,-82.36716,709.0,Embers,29.62109,-82.37232,Steakhouse
3000 SW 35th Pl,32608,29.6236,-82.36716,709.0,India Bazaar,29.621317575342285,-82.37353552018538,Grocery Store
3000 SW 35th Pl,32608,29.6236,-82.36716,709.0,Tijuana Flats,29.62621,-82.37418,Tex-Mex Restaurant
3000 SW 35th Pl,32608,29.6236,-82.36716,709.0,Dunkin',29.625874284316613,-82.37286722729817,Donut Shop
3000 SW 35th Pl,32608,29.6236,-82.36716,709.0,Panera Bread,29.625161,-82.373782,Bakery
3000 SW 35th Pl,32608,29.6236,-82.36716,709.0,CVS pharmacy,29.62696051504531,-82.37306023090113,Pharmacy
3000 SW 35th Pl,32608,29.6236,-82.36716,709.0,Kung Fu Tea,29.625150619012473,-82.37293295331796,Bubble Tea Shop
3000 SW 35th Pl,32608,29.6236,-82.36716,709.0,Sushi Matsuri,29.62655496573338,-82.37415170966742,Sushi Restaurant
3000 SW 35th Pl,32608,29.6236,-82.36716,709.0,Youfit Health Clubs,29.6259632,-82.3708364,Gym
3000 SW 35th Pl,32608,29.6236,-82.36716,709.0,Chuy's Gainesville,29.62747557173395,-82.3738802298933,Mexican Restaurant
3000 SW 35th Pl,32608,29.6236,-82.36716,709.0,Kohl's,29.624088,-82.375451,Department Store
3000 SW 35th Pl,32608,29.6236,-82.36716,709.0,Hooters,29.624168309503982,-82.37192630767822,Wings Joint
3000 SW 35th Pl,32608,29.6236,-82.36716,709.0,Pho Hanoi,29.621132907827786,-82.37356772878739,Vietnamese Restaurant
3000 SW 35th Pl,32608,29.6236,-82.36716,709.0,Walgreens,29.6246507,-82.3743591,Pharmacy
3000 SW 35th Pl,32608,29.6236,-82.36716,709.0,ABC Fine Wine & Spirits,29.625846,-82.373286,Liquor Store
3000 SW 35th Pl,32608,29.6236,-82.36716,709.0,TCBY,29.62513351757279,-82.37277821097204,Ice Cream Shop
3000 SW 35th Pl,32608,29.6236,-82.36716,709.0,Redbox,29.622066497802734,-82.37206268310547,Video Store
3000 SW 35th Pl,32608,29.6236,-82.36716,709.0,Hungry Howie's Pizza,29.626480157365148,-82.37422684675,Pizza Place
3000 SW 35th Pl,32608,29.6236,-82.36716,709.0,Cold Stone Creamery,29.625352,-82.37371,Ice Cream Shop
3000 SW 35th Pl,32608,29.6236,-82.36716,709.0,Bojangles' Famous Chicken 'n Biscuits,29.6290993,-82.3695022,Fast Food Restaurant
3000 SW 35th Pl,32608,29.6236,-82.36716,709.0,Taco Bell,29.626689984624388,-82.37360070464776,Fast Food Restaurant
3000 SW 35th Pl,32608,29.6236,-82.36716,709.0,Tires Plus,29.628213,-82.37201999999999,Automotive Shop
3000 SW 35th Pl,32608,29.6236,-82.36716,709.0,Gainesville Place Pool,29.621478452144224,-82.36436406296298,Pool
3000 SW 35th Pl,32608,29.6236,-82.36716,709.0,Brandywine,29.626995602452784,-82.36621171539119,Residential Building (Apartment / Condo)
3000 SW 35th Pl,32608,29.6236,-82.36716,709.0,Shell,29.627681229904265,-82.37213113757886,Gas Station
3000 SW 35th Pl,32608,29.6236,-82.36716,709.0,MetroPCS Gainesville Corporate Store,29.62806736144217,-82.37120622317346,Electronics Store
3000 SW 35th Pl,32608,29.6236,-82.36716,709.0,Let It Roll,29.628221,-82.371371,Smoke Shop
3000 SW 35th Pl,32608,29.6236,-82.36716,709.0,GEICO Insurance Agent,29.629358,-82.36905,Insurance Office
3000 SW 35th Pl,32608,29.6236,-82.36716,709.0,BBVA Compass,29.627891818811484,-82.37305819988245,Bank
3000 SW 35th Pl,32608,29.6236,-82.36716,709.0,Oxford Manor Gym,29.630015096866007,-82.3647067699842,Gym
4000 SW 37th Blvd,32608,29.616148,-82.378658,479.0,Swamp Head Brewery,29.614726,-82.37681600000002,Brewery
4000 SW 37th Blvd,32608,29.616148,-82.378658,479.0,Maple Street Biscuit Company,29.621195310641653,-82.38110350084631,Breakfast Spot
4000 SW 37th Blvd,32608,29.616148,-82.378658,479.0,Chipotle Mexican Grill,29.619406292195045,-82.38130672684525,Mexican Restaurant
4000 SW 37th Blvd,32608,29.616148,-82.378658,479.0,Blaze Pizza,29.621685,-82.377799,Pizza Place
4000 SW 37th Blvd,32608,29.616148,-82.378658,479.0,Sonny's BBQ,29.6208341,-82.3781148,BBQ Joint
4000 SW 37th Blvd,32608,29.616148,-82.378658,479.0,Pollo Tropical,29.620233619163614,-82.3814483045131,Latin American Restaurant
4000 SW 37th Blvd,32608,29.616148,-82.378658,479.0,Mochi Frozen Yogurt,29.619216219454497,-82.38148314985304,Frozen Yogurt Shop
4000 SW 37th Blvd,32608,29.616148,-82.378658,479.0,Relish,29.619000816637726,-82.38152489726427,Burger Joint
4000 SW 37th Blvd,32608,29.616148,-82.378658,479.0,Trader Joe's,29.622937705124954,-82.37955192615071,Grocery Store
4000 SW 37th Blvd,32608,29.616148,-82.378658,479.0,Texas Roadhouse,29.620513,-82.38096,Steakhouse
4000 SW 37th Blvd,32608,29.616148,-82.378658,479.0,India Bazaar,29.621317575342285,-82.37353552018538,Grocery Store
4000 SW 37th Blvd,32608,29.616148,-82.378658,479.0,Yogurtology,29.62185447931596,-82.37915037519772,Frozen Yogurt Shop
4000 SW 37th Blvd,32608,29.616148,-82.378658,479.0,Publix,29.621806985169364,-82.38210197261819,Grocery Store
4000 SW 37th Blvd,32608,29.616148,-82.378658,479.0,Bento Asian Kitchen & Sushi,29.619351744612356,-82.38154259494478,Sushi Restaurant
4000 SW 37th Blvd,32608,29.616148,-82.378658,479.0,Target,29.62136327307246,-82.38426612457266,Big Box Store
4000 SW 37th Blvd,32608,29.616148,-82.378658,479.0,Hampton by Hilton,29.614969695791952,-82.38259613513952,Hotel
4000 SW 37th Blvd,32608,29.616148,-82.378658,479.0,Panda Express,29.623160403563087,-82.37705436258281,Chinese Restaurant
4000 SW 37th Blvd,32608,29.616148,-82.378658,479.0,Zoës Kitchen,29.62172124070821,-82.37897000903945,Mediterranean Restaurant
4000 SW 37th Blvd,32608,29.616148,-82.378658,479.0,Dairy Queen,29.619411,-82.3834698,Ice Cream Shop
4000 SW 37th Blvd,32608,29.616148,-82.378658,479.0,DoubleTree by Hilton,29.6192121,-82.3851017,Hotel
4000 SW 37th Blvd,32608,29.616148,-82.378658,479.0,Massage Envy - Gainesville-Butler Plaza,29.6216456,-82.3829699,Spa
4000 SW 37th Blvd,32608,29.616148,-82.378658,479.0,WingHouse,29.618251827999032,-82.38239171267878,Wings Joint
4000 SW 37th Blvd,32608,29.616148,-82.378658,479.0,Stage 7 KTV,29.614951,-82.37269,Karaoke Bar
4000 SW 37th Blvd,32608,29.616148,-82.378658,479.0,Michaels,29.623333590352132,-82.37873911857605,Arts & Crafts Store
4000 SW 37th Blvd,32608,29.616148,-82.378658,479.0,Outback Steakhouse,29.621152,-82.380055,Steakhouse
4000 SW 37th Blvd,32608,29.616148,-82.378658,479.0,PetSmart,29.623058,-82.380474,Pet Store
4000 SW 37th Blvd,32608,29.616148,-82.378658,479.0,Fairfield Inn & Suites by Marriott Gainesville I-75,29.618693544999225,-82.37815976142883,Hotel
4000 SW 37th Blvd,32608,29.616148,-82.378658,479.0,Fairfield Inn and Suites,29.618841,-82.378131,Hotel
4000 SW 37th Blvd,32608,29.616148,-82.378658,479.0,Chick-fil-A,29.62121167,-82.383365,Fast Food Restaurant
4000 SW 37th Blvd,32608,29.616148,-82.378658,479.0,Zaxby's Chicken Fingers & Buffalo Wings,29.621887,-82.378489,Fried Chicken Joint
4000 SW 37th Blvd,32608,29.616148,-82.378658,479.0,SpringHill Suites Marriott,29.616123940535136,-82.3826739192009,Hotel
4000 SW 37th Blvd,32608,29.616148,-82.378658,479.0,The Lodge at Gainesville,29.619374976703064,-82.38503002203669,Hotel
4000 SW 37th Blvd,32608,29.616148,-82.378658,479.0,Kirkland's,29.6211722,-82.3812508,Furniture / Home Store
4000 SW 37th Blvd,32608,29.616148,-82.378658,479.0,Pho Hanoi,29.621132907827786,-82.37356772878739,Vietnamese Restaurant
4000 SW 37th Blvd,32608,29.616148,-82.378658,479.0,Carter's,29.621522,-82.383387,Kids Store
4000 SW 37th Blvd,32608,29.616148,-82.378658,479.0,Starbucks,29.621222,-82.383735,Coffee Shop
4000 SW 37th Blvd,32608,29.616148,-82.378658,479.0,Best Buy,29.622742,-82.380992,Electronics Store
4000 SW 37th Blvd,32608,29.616148,-82.378658,479.0,Wendy’s,29.622001,-82.377145,Fast Food Restaurant
4000 SW 37th Blvd,32608,29.616148,-82.378658,479.0,GNC,29.621569,-82.383246,Supplement Shop
4000 SW 37th Blvd,32608,29.616148,-82.378658,479.0,Old Navy,29.62152723227781,-82.38238507552772,Clothing Store
4000 SW 37th Blvd,32608,29.616148,-82.378658,479.0,Dollar General,29.61508560180664,-82.37133026123047,Discount Store
4000 SW 37th Blvd,32608,29.616148,-82.378658,479.0,Rack Room Shoes,29.621277730935986,-82.38307430931367,Shoe Store
4000 SW 37th Blvd,32608,29.616148,-82.378658,479.0,Butler Plaza,29.620817032489395,-82.38239500170198,Shopping Mall
4000 SW 37th Blvd,32608,29.616148,-82.378658,479.0,Ross Dress for Less,29.623009171438284,-82.37949202552717,Clothing Store
4000 SW 37th Blvd,32608,29.616148,-82.378658,479.0,Pac Sun,29.621311423602044,-82.38321466399418,Clothing Store
4000 SW 37th Blvd,32608,29.616148,-82.378658,479.0,Circle K,29.6184112,-82.3829443,Convenience Store
4000 SW 37th Blvd,32608,29.616148,-82.378658,479.0,AT&T,29.622638762991244,-82.3776595294475,Mobile Phone Shop
4000 SW 37th Blvd,32608,29.616148,-82.378658,479.0,Steak 'n Shake,29.620133380929165,-82.38528370857239,American Restaurant
4000 SW 37th Blvd,32608,29.616148,-82.378658,479.0,Tuesday Morning,29.623186697718857,-82.3801338672638,Discount Store
4000 SW 37th Blvd,32608,29.616148,-82.378658,479.0,Indian Cuisine,29.620969338139403,-82.37359694613001,Indian Restaurant
4000 SW 37th Blvd,32608,29.616148,-82.378658,479.0,Papa John's Pizza,29.622490451122104,-82.37666009998492,Pizza Place
4000 SW 37th Blvd,32608,29.616148,-82.378658,479.0,Pier 1 Imports,29.622776,-82.3782988,Furniture / Home Store
4000 SW 37th Blvd,32608,29.616148,-82.378658,479.0,Burger King,29.617898,-82.3836418,Fast Food Restaurant
4000 SW 37th Blvd,32608,29.616148,-82.378658,479.0,Domino's Pizza,29.6228751,-82.37607,Pizza Place
4000 SW 37th Blvd,32608,29.616148,-82.378658,479.0,Sleep Inn & Suites University/Shands,29.616499,-82.383766,Hotel
4000 SW 37th Blvd,32608,29.616148,-82.378658,479.0,Waffle House,29.618134,-82.382993,Breakfast Spot
4000 SW 37th Blvd,32608,29.616148,-82.378658,479.0,Arby's,29.619518,-82.3835426,Fast Food Restaurant
4000 SW 37th Blvd,32608,29.616148,-82.378658,479.0,Firestone Complete Auto Care,29.6212236,-82.37969169,Automotive Shop
4000 SW 37th Blvd,32608,29.616148,-82.378658,479.0,OfficeMax,29.623171,-82.378459,Paper / Office Supplies Store
4000 SW 37th Blvd,32608,29.616148,-82.378658,479.0,Harmon's Photos,29.615313,-82.374874,Hobby Shop
4000 SW 37th Blvd,32608,29.616148,-82.378658,479.0,The Pita pit,29.618906336424597,-82.38142716553254,Mediterranean Restaurant
4000 SW 37th Blvd,32608,29.616148,-82.378658,479.0,Vale Food Co,29.619263,-82.381398,New American Restaurant
4000 SW 37th Blvd,32608,29.616148,-82.378658,479.0,Stoneridge Gym,29.61855479128818,-82.37459571724251,Gym
4000 SW 37th Blvd,32608,29.616148,-82.378658,479.0,Drury Inn & Suites Gainesville,29.61705701,-82.38394406,Hotel
4000 SW 37th Blvd,32608,29.616148,-82.378658,479.0,Super 8,29.615833193807582,-82.38361591169556,Motel
4000 SW 37th Blvd,32608,29.616148,-82.378658,479.0,FogBoxx,29.61504554748535,-82.37267303466797,Ice Cream Shop
4000 SW 37th Blvd,32608,29.616148,-82.378658,479.0,Darkside Athletics & F2 Arena,29.611171370000456,-82.37523874918853,Martial Arts School
4000 SW 37th Blvd,32608,29.616148,-82.378658,479.0,McDonald's,29.61890321178039,-82.38420546054846,Fast Food Restaurant
4000 SW 37th Blvd,32608,29.616148,-82.378658,479.0,New York Nails,29.621003023795108,-82.37356829425062,Spa
4000 SW 37th Blvd,32608,29.616148,-82.378658,479.0,Teastori,29.621257,-82.373792,Bubble Tea Shop
4000 SW 37th Blvd,32608,29.616148,-82.378658,479.0,Ovale USA,29.6212125,-82.3736443,Smoke Shop
4000 SW 37th Blvd,32608,29.616148,-82.378658,479.0,Publix Liquors at Butler Plaza West,29.621569,-82.383246,Liquor Store
4000 SW 37th Blvd,32608,29.616148,-82.378658,479.0,Envy spa,29.621569,-82.383246,Spa
4000 SW 37th Blvd,32608,29.616148,-82.378658,479.0,Greek Divine,29.621187210083008,-82.37345123291016,Arts & Crafts Store
4000 SW 37th Blvd,32608,29.616148,-82.378658,479.0,Archer Rd & I-75,29.61735740760481,-82.38678594159386,Intersection
3415 SW 39th Blvd,32608,29.616714,-82.3733,509.0,Swamp Head Brewery,29.614726,-82.37681600000002,Brewery
3415 SW 39th Blvd,32608,29.616714,-82.3733,509.0,India Bazaar,29.621317575342285,-82.37353552018538,Grocery Store
3415 SW 39th Blvd,32608,29.616714,-82.3733,509.0,Embers,29.62109,-82.37232,Steakhouse
3415 SW 39th Blvd,32608,29.616714,-82.3733,509.0,Stage 7 KTV,29.614951,-82.37269,Karaoke Bar
3415 SW 39th Blvd,32608,29.616714,-82.3733,509.0,Blaze Pizza,29.621685,-82.377799,Pizza Place
3415 SW 39th Blvd,32608,29.616714,-82.3733,509.0,Sonny's BBQ,29.6208341,-82.3781148,BBQ Joint
3415 SW 39th Blvd,32608,29.616714,-82.3733,509.0,Yogurtology,29.62185447931596,-82.37915037519772,Frozen Yogurt Shop
3415 SW 39th Blvd,32608,29.616714,-82.3733,509.0,Panda Express,29.623160403563087,-82.37705436258281,Chinese Restaurant
3415 SW 39th Blvd,32608,29.616714,-82.3733,509.0,Dollar General,29.61508560180664,-82.37133026123047,Discount Store
3415 SW 39th Blvd,32608,29.616714,-82.3733,509.0,Pho Hanoi,29.621132907827786,-82.37356772878739,Vietnamese Restaurant
3415 SW 39th Blvd,32608,29.616714,-82.3733,509.0,Five Guys,29.6231575,-82.3757706,Burger Joint
3415 SW 39th Blvd,32608,29.616714,-82.3733,509.0,Zoës Kitchen,29.62172124070821,-82.37897000903945,Mediterranean Restaurant
3415 SW 39th Blvd,32608,29.616714,-82.3733,509.0,Planet Smoothie,29.623153,-82.375622,Smoothie Shop
3415 SW 39th Blvd,32608,29.616714,-82.3733,509.0,Zaxby's Chicken Fingers & Buffalo Wings,29.621887,-82.378489,Fried Chicken Joint
3415 SW 39th Blvd,32608,29.616714,-82.3733,509.0,Fairfield Inn & Suites by Marriott Gainesville I-75,29.618693544999225,-82.37815976142883,Hotel
3415 SW 39th Blvd,32608,29.616714,-82.3733,509.0,Fairfield Inn and Suites,29.618841,-82.378131,Hotel
3415 SW 39th Blvd,32608,29.616714,-82.3733,509.0,Wendy’s,29.622001,-82.377145,Fast Food Restaurant
3415 SW 39th Blvd,32608,29.616714,-82.3733,509.0,Redbox,29.622066497802734,-82.37206268310547,Video Store
3415 SW 39th Blvd,32608,29.616714,-82.3733,509.0,AT&T,29.622638762991244,-82.3776595294475,Mobile Phone Shop
3415 SW 39th Blvd,32608,29.616714,-82.3733,509.0,Papa John's Pizza,29.622490451122104,-82.37666009998492,Pizza Place
3415 SW 39th Blvd,32608,29.616714,-82.3733,509.0,US Post Office,29.610448395330177,-82.37326435581969,Post Office
3415 SW 39th Blvd,32608,29.616714,-82.3733,509.0,Firestone Complete Auto Care,29.6212236,-82.37969169,Automotive Shop
3415 SW 39th Blvd,32608,29.616714,-82.3733,509.0,The Laurels' Pool,29.610912322998047,-82.36956024169922,Pool
3415 SW 39th Blvd,32608,29.616714,-82.3733,509.0,Immaculate Landscapes,29.616221875844413,-82.36532807350157,Construction & Landscaping
3700 SW 27th St,32608,29.616662,-82.363765,634.0,Dollar General,29.61508560180664,-82.37133026123047,Discount Store
3700 SW 27th St,32608,29.616662,-82.363765,634.0,Gainesville Place Pool,29.621478452144224,-82.36436406296298,Pool
3700 SW 27th St,32608,29.616662,-82.363765,634.0,Hunters Run Hot Tub,29.612197875976562,-82.3609390258789,Hotel Pool
3700 SW 27th St,32608,29.616662,-82.363765,634.0,Campus Lodge Pool,29.60990809459597,-82.36585575230121,Pool
2930 SW 23rd Ter,32608,29.624578,-82.359783,850.0,Steak 'n Shake,29.629595956621543,-82.36233450214378,American Restaurant
2930 SW 23rd Ter,32608,29.624578,-82.359783,850.0,University Club Wooden Bus Stop,29.62578715352175,-82.35632944786273,Bus Station
2930 SW 23rd Ter,32608,29.624578,-82.359783,850.0,Gainesville Place Pool,29.621478452144224,-82.36436406296298,Pool
2930 SW 23rd Ter,32608,29.624578,-82.359783,850.0,Brandywine,29.626995602452784,-82.36621171539119,Residential Building (Apartment / Condo)
2930 SW 23rd Ter,32608,29.624578,-82.359783,850.0,Oxford Manor Gym,29.630015096866007,-82.3647067699842,Gym
2930 SW 23rd Ter,32608,29.624578,-82.359783,850.0,S W Archer Road,29.63101358839212,-82.36354747861726,Pedestrian Plaza
3718 SW 24th Ave,32607,29.631346,-82.379507,767.0,Total Wine & More,29.627885,-82.382639,Wine Shop
3718 SW 24th Ave,32607,29.631346,-82.379507,767.0,Marshalls,29.6272064,-82.3823758,Department Store
3718 SW 24th Ave,32607,29.631346,-82.379507,767.0,Metro Diner,29.632704,-82.373091,American Restaurant
3718 SW 24th Ave,32607,29.631346,-82.379507,767.0,LongHorn Steakhouse,29.627401000000003,-82.384416,Steakhouse
3718 SW 24th Ave,32607,29.631346,-82.379507,767.0,Olive Garden,29.628195861023688,-82.38518288686193,Italian Restaurant
3718 SW 24th Ave,32607,29.631346,-82.379507,767.0,Bonefish Grill,29.625212650735623,-82.37767540878538,Seafood Restaurant
3718 SW 24th Ave,32607,29.631346,-82.379507,767.0,Firehouse Subs,29.625412,-82.378119,Sandwich Place
3718 SW 24th Ave,32607,29.631346,-82.379507,767.0,Five Below,29.627444,-82.3824788,Discount Store
3718 SW 24th Ave,32607,29.631346,-82.379507,767.0,Midnight Cookies,29.63308776271157,-82.37350501196238,Bakery
3718 SW 24th Ave,32607,29.631346,-82.379507,767.0,Tijuana Flats,29.62621,-82.37418,Tex-Mex Restaurant
3718 SW 24th Ave,32607,29.631346,-82.379507,767.0,JOANN Fabrics and Crafts,29.62447544307406,-82.37933163046023,Fabric Shop
3718 SW 24th Ave,32607,29.631346,-82.379507,767.0,DICK'S Sporting Goods,29.628288763212062,-82.38337720538829,Sporting Goods Shop
3718 SW 24th Ave,32607,29.631346,-82.379507,767.0,Lowe's,29.6255021,-82.3814663,Hardware Store
3718 SW 24th Ave,32607,29.631346,-82.379507,767.0,Whole Foods Market,29.62542159057445,-82.37588064652499,Grocery Store
3718 SW 24th Ave,32607,29.631346,-82.379507,767.0,Cheesecake Factory,29.625997,-82.375086,American Restaurant
3718 SW 24th Ave,32607,29.631346,-82.379507,767.0,Regal Butler Town Center,29.627239,-82.3772,Movie Theater
3718 SW 24th Ave,32607,29.631346,-82.379507,767.0,Bagels Unlimited,29.632817003185625,-82.37327625113303,Bagel Shop
3718 SW 24th Ave,32607,29.631346,-82.379507,767.0,Bahama Breeze,29.626837713066294,-82.38411063950792,Caribbean Restaurant
3718 SW 24th Ave,32607,29.631346,-82.379507,767.0,Chuy's Gainesville,29.62747557173395,-82.3738802298933,Mexican Restaurant
3718 SW 24th Ave,32607,29.631346,-82.379507,767.0,Publix,29.62495430214784,-82.37901157917797,Grocery Store
3718 SW 24th Ave,32607,29.631346,-82.379507,767.0,Sushi Matsuri,29.62655496573338,-82.37415170966742,Sushi Restaurant
3718 SW 24th Ave,32607,29.631346,-82.379507,767.0,Gumby's Pizza,29.633043912068814,-82.37348121948652,Pizza Place
3718 SW 24th Ave,32607,29.631346,-82.379507,767.0,CVS pharmacy,29.62696051504531,-82.37306023090113,Pharmacy
3718 SW 24th Ave,32607,29.631346,-82.379507,767.0,Hilton,29.6366715,-82.3739474,Hotel
3718 SW 24th Ave,32607,29.631346,-82.379507,767.0,Keke's Breakfast Cafe,29.626977,-82.385328,Breakfast Spot
3718 SW 24th Ave,32607,29.631346,-82.379507,767.0,ALDI,29.62628271103798,-82.38185518650812,Grocery Store
3718 SW 24th Ave,32607,29.631346,-82.379507,767.0,Court Of Hero's,29.633028921318605,-82.37351012833791,Dive Bar
3718 SW 24th Ave,32607,29.631346,-82.379507,767.0,Guitar Center,29.6243188,-82.3789713,Music Store
3718 SW 24th Ave,32607,29.631346,-82.379507,767.0,Winn-Dixie,29.633608654456005,-82.37366354692318,Grocery Store
3718 SW 24th Ave,32607,29.631346,-82.379507,767.0,Hungry Howie's Pizza,29.626480157365148,-82.37422684675,Pizza Place
3718 SW 24th Ave,32607,29.631346,-82.379507,767.0,Supercuts,29.632983549226115,-82.37363530049251,Salon / Barbershop
3718 SW 24th Ave,32607,29.631346,-82.379507,767.0,GameStop,29.627198999999997,-82.385858,Video Game Store
3718 SW 24th Ave,32607,29.631346,-82.379507,767.0,Redbox,29.633260999999997,-82.373926,Video Store
3718 SW 24th Ave,32607,29.631346,-82.379507,767.0,Jersey Mike's Subs,29.627065,-82.386119,Sandwich Place
3718 SW 24th Ave,32607,29.631346,-82.379507,767.0,TGI Fridays,29.6258614,-82.3830508,American Restaurant
3718 SW 24th Ave,32607,29.631346,-82.379507,767.0,Great Clips,29.6243837,-82.3790781,Salon / Barbershop
3718 SW 24th Ave,32607,29.631346,-82.379507,767.0,Aquatropics,29.63302440389064,-82.37349966948626,Pet Store
3718 SW 24th Ave,32607,29.631346,-82.379507,767.0,Sally Beauty,29.62623955326071,-82.37635514118315,Cosmetics Shop
3718 SW 24th Ave,32607,29.631346,-82.379507,767.0,China King,29.624217474027382,-82.37816136190506,Chinese Restaurant
3718 SW 24th Ave,32607,29.631346,-82.379507,767.0,Taco Bell,29.626689984624388,-82.37360070464776,Fast Food Restaurant
3718 SW 24th Ave,32607,29.631346,-82.379507,767.0,Dollar Tree,29.626356904518097,-82.37623638498285,Discount Store
3718 SW 24th Ave,32607,29.631346,-82.379507,767.0,Culver's,29.625743865966797,-82.38444519042969,Fast Food Restaurant
3718 SW 24th Ave,32607,29.631346,-82.379507,767.0,Tires Plus,29.628213,-82.37201999999999,Automotive Shop
3718 SW 24th Ave,32607,29.631346,-82.379507,767.0,The Estates Gym,29.632080078125,-82.37601470947266,Gym
3718 SW 24th Ave,32607,29.631346,-82.379507,767.0,California Chicken Grill,29.63309794852176,-82.37347299431669,American Restaurant
3718 SW 24th Ave,32607,29.631346,-82.379507,767.0,Grub Burger Bar,29.625988942432656,-82.3747350981476,Burger Joint
3718 SW 24th Ave,32607,29.631346,-82.379507,767.0,Miya Sushi,29.62440263709907,-82.37844243376372,Sushi Restaurant
3718 SW 24th Ave,32607,29.631346,-82.379507,767.0,David's Bridal,29.6274756,-82.3824696,Bridal Shop
3718 SW 24th Ave,32607,29.631346,-82.379507,767.0,Fridays (T.G.I.),29.625850601711946,-82.38312607592017,American Restaurant
3718 SW 24th Ave,32607,29.631346,-82.379507,767.0,Aloft Gainesville University Area,29.6370228,-82.3786306,Hotel
3718 SW 24th Ave,32607,29.631346,-82.379507,767.0,Florida Credit Union,29.627423512016456,-82.38580767605742,Credit Union
3718 SW 24th Ave,32607,29.631346,-82.379507,767.0,1000 Degrees,29.626888,-82.38544,Pizza Place
3718 SW 24th Ave,32607,29.631346,-82.379507,767.0,Newk's Eatery,29.62623638994167,-82.38491811458869,Restaurant
3718 SW 24th Ave,32607,29.631346,-82.379507,767.0,Culver's,29.625685102135353,-82.38437464257662,Fast Food Restaurant
3718 SW 24th Ave,32607,29.631346,-82.379507,767.0,Shula's Steak House,29.63665399999999,-82.37408283068851,Steakhouse
3461 SW 2nd Ave,32607,29.647995,-82.374755,755.0,Mi Apá Latin Café,29.650786414085424,-82.37280091293763,Latin American Restaurant
3461 SW 2nd Ave,32607,29.647995,-82.374755,755.0,Sweet Dreams Ice Cream,29.651290776928473,-82.37371717717322,Ice Cream Shop
3461 SW 2nd Ave,32607,29.647995,-82.374755,755.0,Publix,29.65088285442874,-82.3715558636202,Grocery Store
3461 SW 2nd Ave,32607,29.647995,-82.374755,755.0,New Deal Cafe,29.651297565190443,-82.37450655407737,American Restaurant
3461 SW 2nd Ave,32607,29.647995,-82.374755,755.0,Mildred's Big City Food,29.650969575849206,-82.37471487609884,New American Restaurant
3461 SW 2nd Ave,32607,29.647995,-82.374755,755.0,Bailey's Powerhouse Gym,29.651174445083907,-82.37417116532512,Gym / Fitness Center
3461 SW 2nd Ave,32607,29.647995,-82.374755,755.0,Renaissance Jewelers,29.650927,-82.373718,Jewelry Store
3461 SW 2nd Ave,32607,29.647995,-82.374755,755.0,PDQ Fresh Tenders,29.651653865201546,-82.3729469198388,American Restaurant
3461 SW 2nd Ave,32607,29.647995,-82.374755,755.0,Burrito Famous,29.65233341938529,-82.37311976477959,Burrito Place
3461 SW 2nd Ave,32607,29.647995,-82.374755,755.0,La Aurora Latin Market,29.65129852294922,-82.37897491455078,Grocery Store
3461 SW 2nd Ave,32607,29.647995,-82.374755,755.0,Beque Holic,29.65270014797815,-82.38106189973209,Korean Restaurant
3461 SW 2nd Ave,32607,29.647995,-82.374755,755.0,Ballyhoo Grill,29.652378817521054,-82.37985214749746,Seafood Restaurant
3461 SW 2nd Ave,32607,29.647995,-82.374755,755.0,The UPS Store,29.652456457802074,-82.37175755203452,Shipping Store
3461 SW 2nd Ave,32607,29.647995,-82.374755,755.0,Dugout Billiards & Sports Club,29.649557294557557,-82.37624171501628,Sports Bar
3461 SW 2nd Ave,32607,29.647995,-82.374755,755.0,Plato's Closet,29.65137325718424,-82.37447673866735,Clothing Store
3461 SW 2nd Ave,32607,29.647995,-82.374755,755.0,Play It Again Sports,29.650927,-82.373718,Sporting Goods Shop
3461 SW 2nd Ave,32607,29.647995,-82.374755,755.0,Tires Plus,29.65236951,-82.37276073,Automotive Shop
3461 SW 2nd Ave,32607,29.647995,-82.374755,755.0,CVS pharmacy,29.6514573252545,-82.37130954484554,Pharmacy
3461 SW 2nd Ave,32607,29.647995,-82.374755,755.0,Domino's Pizza,29.65176027735826,-82.37119942903524,Pizza Place
3461 SW 2nd Ave,32607,29.647995,-82.374755,755.0,Copper Monkey,29.650209,-82.375997,Restaurant
3461 SW 2nd Ave,32607,29.647995,-82.374755,755.0,Searchlight Yoga,29.649105,-82.37674,Yoga Studio
3461 SW 2nd Ave,32607,29.647995,-82.374755,755.0,Glamour Nails And Spa,29.650927,-82.373718,Cosmetics Shop
3461 SW 2nd Ave,32607,29.647995,-82.374755,755.0,Corks & Colors,29.650927,-82.373718,Arts & Crafts Store
3461 SW 2nd Ave,32607,29.647995,-82.374755,755.0,Mcgriff-Williams Insurance,29.651634,-82.375417,Insurance Office
3461 SW 2nd Ave,32607,29.647995,-82.374755,755.0,Sunflower Health Foods - Gainesville,29.651941608169775,-82.37371658303977,Health Food Store
3461 SW 2nd Ave,32607,29.647995,-82.374755,755.0,RTS Bus Stop,29.650536,-82.37082123756409,Bus Station
3461 SW 2nd Ave,32607,29.647995,-82.374755,755.0,Hoggetowne Ale Works,29.65225,-82.373998,Liquor Store
3461 SW 2nd Ave,32607,29.647995,-82.374755,755.0,LA Nails,29.65225,-82.373998,Cosmetics Shop
3461 SW 2nd Ave,32607,29.647995,-82.374755,755.0,Pat's Quick Stop,29.652346,-82.373433,Food & Drink Shop
3461 SW 2nd Ave,32607,29.647995,-82.374755,755.0,WWII Memorial Park,29.65018062552887,-82.37933543658197,Park
3461 SW 2nd Ave,32607,29.647995,-82.374755,755.0,China Star,29.651834479490063,-82.37107452384699,Chinese Restaurant
4400 SW 20th Ave,32607,29.635859,-82.387616,646.5,Wingstop,29.636182799009976,-82.3886154142026,Wings Joint
4400 SW 20th Ave,32607,29.635859,-82.387616,646.5,Redbox,29.636035919189453,-82.38822937011719,Video Store
4400 SW 20th Ave,32607,29.635859,-82.387616,646.5,Circle K,29.636178,-82.388254,Convenience Store
4400 SW 20th Ave,32607,29.635859,-82.387616,646.5,Forest Park,29.635693171697117,-82.39044471097654,Park
4400 SW 20th Ave,32607,29.635859,-82.387616,646.5,SW 20th and SW 43rd Bus Stop,29.635521127776844,-82.38820458012911,Bus Station
4117 SW 20th Ave,32607,29.632564,-82.386186,810.0,Olive Garden,29.628195861023688,-82.38518288686193,Italian Restaurant
4117 SW 20th Ave,32607,29.632564,-82.386186,810.0,LongHorn Steakhouse,29.627401000000003,-82.384416,Steakhouse
4117 SW 20th Ave,32607,29.632564,-82.386186,810.0,Total Wine & More,29.627885,-82.382639,Wine Shop
4117 SW 20th Ave,32607,29.632564,-82.386186,810.0,Bolay,29.6265224,-82.3862485,American Restaurant
4117 SW 20th Ave,32607,29.632564,-82.386186,810.0,Wingstop,29.636182799009976,-82.3886154142026,Wings Joint
4117 SW 20th Ave,32607,29.632564,-82.386186,810.0,Marshalls,29.6272064,-82.3823758,Department Store
4117 SW 20th Ave,32607,29.632564,-82.386186,810.0,DICK'S Sporting Goods,29.628288763212062,-82.38337720538829,Sporting Goods Shop
4117 SW 20th Ave,32607,29.632564,-82.386186,810.0,Five Below,29.627444,-82.3824788,Discount Store
4117 SW 20th Ave,32607,29.632564,-82.386186,810.0,Bahama Breeze,29.626837713066294,-82.38411063950792,Caribbean Restaurant
4117 SW 20th Ave,32607,29.632564,-82.386186,810.0,Keke's Breakfast Cafe,29.626977,-82.385328,Breakfast Spot
4117 SW 20th Ave,32607,29.632564,-82.386186,810.0,Taziki's Mediterranean Cafe,29.626554,-82.386204,Greek Restaurant
4117 SW 20th Ave,32607,29.632564,-82.386186,810.0,Redbox,29.636035919189453,-82.38822937011719,Video Store
4117 SW 20th Ave,32607,29.632564,-82.386186,810.0,GameStop,29.627198999999997,-82.385858,Video Game Store
4117 SW 20th Ave,32607,29.632564,-82.386186,810.0,Jersey Mike's Subs,29.627065,-82.386119,Sandwich Place
4117 SW 20th Ave,32607,29.632564,-82.386186,810.0,Circle K,29.636178,-82.388254,Convenience Store
4117 SW 20th Ave,32607,29.632564,-82.386186,810.0,Dunkin',29.627321152282722,-82.3882302828207,Donut Shop
4117 SW 20th Ave,32607,29.632564,-82.386186,810.0,Culver's,29.625743865966797,-82.38444519042969,Fast Food Restaurant
4117 SW 20th Ave,32607,29.632564,-82.386186,810.0,SW 20th and SW 43rd Bus Stop,29.635521127776844,-82.38820458012911,Bus Station
4117 SW 20th Ave,32607,29.632564,-82.386186,810.0,Forest Park,29.635693171697117,-82.39044471097654,Park
4117 SW 20th Ave,32607,29.632564,-82.386186,810.0,Walmart,29.627796,-82.3881,Department Store
4117 SW 20th Ave,32607,29.632564,-82.386186,810.0,Florida Credit Union,29.627423512016456,-82.38580767605742,Credit Union
4117 SW 20th Ave,32607,29.632564,-82.386186,810.0,1000 Degrees,29.626888,-82.38544,Pizza Place
4117 SW 20th Ave,32607,29.632564,-82.386186,810.0,Fridays (T.G.I.),29.625850601711946,-82.38312607592017,American Restaurant
4117 SW 20th Ave,32607,29.632564,-82.386186,810.0,David's Bridal,29.6274756,-82.3824696,Bridal Shop
4117 SW 20th Ave,32607,29.632564,-82.386186,810.0,Menchie's,29.626408,-82.386086,Frozen Yogurt Shop
4117 SW 20th Ave,32607,29.632564,-82.386186,810.0,Newk's Eatery,29.62623638994167,-82.38491811458869,Restaurant
4117 SW 20th Ave,32607,29.632564,-82.386186,810.0,Culver's,29.625685102135353,-82.38437464257662,Fast Food Restaurant
2777 SW Archer Rd,32608,29.628754,-82.364193,781.5,Earth Fare,29.625308376206096,-82.37037760826644,Health Food Store
2777 SW Archer Rd,32608,29.628754,-82.364193,781.5,Carrabba's Italian Grill,29.6261194,-82.3715944,Italian Restaurant
2777 SW Archer Rd,32608,29.628754,-82.364193,781.5,Wawa,29.632827,-82.358261,Breakfast Spot
2777 SW Archer Rd,32608,29.628754,-82.364193,781.5,Youfit Health Clubs,29.6259632,-82.3708364,Gym
2777 SW Archer Rd,32608,29.628754,-82.364193,781.5,Steak 'n Shake,29.629595956621543,-82.36233450214378,American Restaurant
2777 SW Archer Rd,32608,29.628754,-82.364193,781.5,Bojangles' Famous Chicken 'n Biscuits,29.6290993,-82.3695022,Fast Food Restaurant
2777 SW Archer Rd,32608,29.628754,-82.364193,781.5,S W Archer Road,29.63101358839212,-82.36354747861726,Pedestrian Plaza
2777 SW Archer Rd,32608,29.628754,-82.364193,781.5,Brandywine,29.626995602452784,-82.36621171539119,Residential Building (Apartment / Condo)
2777 SW Archer Rd,32608,29.628754,-82.364193,781.5,Tires Plus,29.628213,-82.37201999999999,Automotive Shop
2777 SW Archer Rd,32608,29.628754,-82.364193,781.5,RTS - Route 34,29.62618136165222,-82.3630019066542,Bus Station
2777 SW Archer Rd,32608,29.628754,-82.364193,781.5,GEICO Insurance Agent,29.629358,-82.36905,Insurance Office
2777 SW Archer Rd,32608,29.628754,-82.364193,781.5,Towne Parc Gym,29.62457847595215,-82.35977935791016,Gym
2777 SW Archer Rd,32608,29.628754,-82.364193,781.5,Gainesville Place Bus stop,29.623060257741315,-82.36536955213533,Bus Station
2777 SW Archer Rd,32608,29.628754,-82.364193,781.5,MetroPCS Gainesville Corporate Store,29.62806736144217,-82.37120622317346,Electronics Store
2777 SW Archer Rd,32608,29.628754,-82.364193,781.5,Shell,29.627681229904265,-82.37213113757886,Gas Station
2777 SW Archer Rd,32608,29.628754,-82.364193,781.5,Tea Bestea,29.626100540161133,-82.3707046508789,Poke Place
2777 SW Archer Rd,32608,29.628754,-82.364193,781.5,Let It Roll,29.628221,-82.371371,Smoke Shop
2777 SW Archer Rd,32608,29.628754,-82.364193,781.5,Zero Degrees,29.625715255737305,-82.3706283569336,Ice Cream Shop
2777 SW Archer Rd,32608,29.628754,-82.364193,781.5,University Club Gym,29.62566566467285,-82.35762786865234,Gym
2777 SW Archer Rd,32608,29.628754,-82.364193,781.5,uBreakiFix - Gainesville,29.62668874932509,-82.37204671758616,Mobile Phone Shop
2777 SW Archer Rd,32608,29.628754,-82.364193,781.5,OGGI Italian,29.625024,-82.371307,Italian Restaurant
3205 NW 83rd St,32606,29.683541,-82.426741,461.5,Bangkok Square,29.688218,-82.429768,Thai Restaurant
3205 NW 83rd St,32606,29.683541,-82.426741,461.5,Dunkin',29.6884334,-82.4290131,Donut Shop
3205 NW 83rd St,32606,29.683541,-82.426741,461.5,Domino's Pizza,29.68039615341609,-82.43318611755967,Pizza Place
3205 NW 83rd St,32606,29.683541,-82.426741,461.5,SUBWAY,29.680214094410605,-82.43289737698639,Sandwich Place
3205 NW 83rd St,32606,29.683541,-82.426741,461.5,Starbucks @ SF Library,29.682335693933307,-82.43233475756027,Coffee Shop
3205 NW 83rd St,32606,29.683541,-82.426741,461.5,Taco Del Mar,29.688355442602827,-82.4292626904928,Mexican Restaurant
3205 NW 83rd St,32606,29.683541,-82.426741,461.5,Rose Court,29.67815465691363,-82.42745844882339,Diner
3205 NW 83rd St,32606,29.683541,-82.426741,461.5,Hurricane BTW,29.6884291,-82.4298365,Fast Food Restaurant
3205 NW 83rd St,32606,29.683541,-82.426741,461.5,B Building,29.681321455787266,-82.43350865717694,College Math Building
3205 NW 83rd St,32606,29.683541,-82.426741,461.5,La Fortuna @ SF,29.680158161495445,-82.43313377878061,Spanish Restaurant
3205 NW 83rd St,32606,29.683541,-82.426741,461.5,Platform 9-3/4,29.680120061548728,-82.433673509762,Train Station
3801 SW 13th St,32608,29.617917,-82.338644,674.0,Sweetwater Wetlands Park,29.61747932434082,-82.33342742919922,Nature Preserve
3801 SW 13th St,32608,29.617917,-82.338644,674.0,Gator Suyaki,29.616942177413556,-82.34080984879851,Chinese Restaurant
3801 SW 13th St,32608,29.617917,-82.338644,674.0,Chop Stix Cafe,29.621262520659137,-82.340384263557,Asian Restaurant
3801 SW 13th St,32608,29.617917,-82.338644,674.0,Circle K,29.6150742,-82.3412081,Convenience Store
3801 SW 13th St,32608,29.617917,-82.338644,674.0,IHOP,29.618930773696828,-82.33980564277344,Breakfast Spot
3801 SW 13th St,32608,29.617917,-82.338644,674.0,Squirrel Ridge Park,29.613438841845806,-82.34333728401054,Park
3801 SW 13th St,32608,29.617917,-82.338644,674.0,Marriott Residence Inn,29.61625862121582,-82.33955383300781,Hotel
3801 SW 13th St,32608,29.617917,-82.338644,674.0,"Howard Johnson Express Inn Gainesville, FL",29.61730053435484,-82.34111089151959,Motel
3801 SW 13th St,32608,29.617917,-82.338644,674.0,Sushi Yami,29.616907119750977,-82.34101104736328,Sushi Restaurant
3801 SW 13th St,32608,29.617917,-82.338644,674.0,Wyndham Garden Hotel,29.62381935119629,-82.34082794189453,Hotel
3801 SW 13th St,32608,29.617917,-82.338644,674.0,Bivens Arm Nature Park,29.62036,-82.332343,Park
2800 SW 35th Pl,32608,29.622903,-82.36472,629.0,Earth Fare,29.625308376206096,-82.37037760826644,Health Food Store
2800 SW 35th Pl,32608,29.622903,-82.36472,629.0,World of Beer,29.624416452985738,-82.37201117228898,Bar
2800 SW 35th Pl,32608,29.622903,-82.36472,629.0,Embers,29.62109,-82.37232,Steakhouse
2800 SW 35th Pl,32608,29.622903,-82.36472,629.0,Peach Valley Cafe,29.624490105011663,-82.37127816081077,American Restaurant
2800 SW 35th Pl,32608,29.622903,-82.36472,629.0,Carrabba's Italian Grill,29.6261194,-82.3715944,Italian Restaurant
2800 SW 35th Pl,32608,29.622903,-82.36472,629.0,Youfit Health Clubs,29.6259632,-82.3708364,Gym
2800 SW 35th Pl,32608,29.622903,-82.36472,629.0,Hooters,29.624168309503982,-82.37192630767822,Wings Joint
2800 SW 35th Pl,32608,29.622903,-82.36472,629.0,Redbox,29.622066497802734,-82.37206268310547,Video Store
2800 SW 35th Pl,32608,29.622903,-82.36472,629.0,Steak 'n Shake,29.629595956621543,-82.36233450214378,American Restaurant
2800 SW 35th Pl,32608,29.622903,-82.36472,629.0,Gainesville Place Pool,29.621478452144224,-82.36436406296298,Pool
2800 SW 35th Pl,32608,29.622903,-82.36472,629.0,Brandywine,29.626995602452784,-82.36621171539119,Residential Building (Apartment / Condo)
2800 SW 35th Pl,32608,29.622903,-82.36472,629.0,Oxford Manor Gym,29.630015096866007,-82.3647067699842,Gym
1601 SW 51st Ter,32607,29.63733,-82.39614,536.5,Wingstop,29.636182799009976,-82.3886154142026,Wings Joint
1601 SW 51st Ter,32607,29.63733,-82.39614,536.5,Redbox,29.636035919189453,-82.38822937011719,Video Store
1601 SW 51st Ter,32607,29.63733,-82.39614,536.5,Circle K,29.636178,-82.388254,Convenience Store
1601 SW 51st Ter,32607,29.63733,-82.39614,536.5,Cabana Beach Pool Area,29.6372964919793,-82.39606622647534,Hotel Pool
1601 SW 51st Ter,32607,29.63733,-82.39614,536.5,Forest Park,29.635693171697117,-82.39044471097654,Park
1601 SW 51st Ter,32607,29.63733,-82.39614,536.5,The Woodlands Gym And Weight Room,29.641374977497566,-82.39519119395372,Gym
1601 SW 51st Ter,32607,29.63733,-82.39614,536.5,Brookdale Gainesville Southwest,29.642147986720097,-82.39761085143982,Assisted Living
1601 SW 51st Ter,32607,29.63733,-82.39614,536.5,District On 62nd - Gym,29.642183303833008,-82.40097045898438,Gym
1601 SW 51st Ter,32607,29.63733,-82.39614,536.5,SW 20th and SW 43rd Bus Stop,29.635521127776844,-82.38820458012911,Bus Station
1000 SW 62nd Blvd,32607,29.642184,-82.40097,521.5,District On 62nd - Gym,29.642183303833008,-82.40097045898438,Gym
1000 SW 62nd Blvd,32607,29.642184,-82.40097,521.5,Brookdale Gainesville Southwest,29.642147986720097,-82.39761085143982,Assisted Living
1000 SW 62nd Blvd,32607,29.642184,-82.40097,521.5,Circle K,29.639741,-82.398548,Gas Station
1000 SW 62nd Blvd,32607,29.642184,-82.40097,521.5,Spyglass Model 107,29.646664,-82.399165,Furniture / Home Store
1000 SW 62nd Blvd,32607,29.642184,-82.40097,521.5,Spyglass Gym,29.646617889404297,-82.39900207519531,Gym
1000 SW 62nd Blvd,32607,29.642184,-82.40097,521.5,Spyglass Pool,29.64693716117128,-82.39994800886498,Pool
1000 SW 62nd Blvd,32607,29.642184,-82.40097,521.5,Spyglass Dog Park,29.646931,-82.399926,Dog Run
1000 SW 62nd Blvd,32607,29.642184,-82.40097,521.5,The Woodlands Gym And Weight Room,29.641374977497566,-82.39519119395372,Gym
1000 SW 62nd Blvd,32607,29.642184,-82.40097,521.5,Cabana Beach Pool Area,29.6372964919793,-82.39606622647534,Hotel Pool
1231 SW 3rd Ave,32601,29.648874,-82.337948,659.5,Leonardo's Pizza,29.651971436618037,-82.33858523930513,Pizza Place
1231 SW 3rd Ave,32601,29.648874,-82.337948,659.5,Karma Cream,29.65190629434612,-82.33596143480719,Ice Cream Shop
1231 SW 3rd Ave,32601,29.648874,-82.337948,659.5,Publix,29.65326129323145,-82.33899482141702,Grocery Store
1231 SW 3rd Ave,32601,29.648874,-82.337948,659.5,Chick-fil-A Express,29.647178,-82.341564,Fast Food Restaurant
1231 SW 3rd Ave,32601,29.648874,-82.337948,659.5,Chick-fil-A,29.6522594,-82.3396789,Food Service
1231 SW 3rd Ave,32601,29.648874,-82.337948,659.5,Piesanos Stone Fired Pizza,29.652301513329338,-82.33900935589901,Pizza Place
1231 SW 3rd Ave,32601,29.648874,-82.337948,659.5,Felipe's Mexican Taqueria,29.65195649255177,-82.33743871777602,Mexican Restaurant
1231 SW 3rd Ave,32601,29.648874,-82.337948,659.5,El Indio,29.655097966176747,-82.33910637938307,Mexican Restaurant
1231 SW 3rd Ave,32601,29.648874,-82.337948,659.5,Krispy Kreme Doughnuts,29.65420949087667,-82.33960303221403,Donut Shop
1231 SW 3rd Ave,32601,29.648874,-82.337948,659.5,Plaza of the Americas,29.650275338134367,-82.3428869247738,Plaza
1231 SW 3rd Ave,32601,29.648874,-82.337948,659.5,Pascal's Coffeehouse and Christian Study Center,29.653269949232868,-82.34322629196772,Coffee Shop
1231 SW 3rd Ave,32601,29.648874,-82.337948,659.5,Bodytech Tattooing and Piercing,29.652139190124196,-82.33310846441805,Tattoo Parlor
1231 SW 3rd Ave,32601,29.648874,-82.337948,659.5,Larry's Giant Subs,29.652635045386543,-82.343992481067,Sandwich Place
1231 SW 3rd Ave,32601,29.648874,-82.337948,659.5,Mother's Pub & Grill,29.651952399972988,-82.33576979395646,Pub
1231 SW 3rd Ave,32601,29.648874,-82.337948,659.5,Gyro Plus,29.651935955310705,-82.33559798995442,Mediterranean Restaurant
1231 SW 3rd Ave,32601,29.648874,-82.337948,659.5,Bagels And Noodles,29.65211714060561,-82.33782632045352,Breakfast Spot
1231 SW 3rd Ave,32601,29.648874,-82.337948,659.5,Gator Beverage,29.652396724700694,-82.33695674057851,Liquor Store
1231 SW 3rd Ave,32601,29.648874,-82.337948,659.5,SweetBerries Eatery and Frozen Custard,29.655975013900466,-82.33894700785041,American Restaurant
1231 SW 3rd Ave,32601,29.648874,-82.337948,659.5,Bistro 1245,29.651930625830158,-82.33845372125646,American Restaurant
1231 SW 3rd Ave,32601,29.648874,-82.337948,659.5,Reggae Shack,29.65193765809606,-82.33129394409484,Caribbean Restaurant
1231 SW 3rd Ave,32601,29.648874,-82.337948,659.5,Firehouse Subs,29.652305208890496,-82.34113819313252,Sandwich Place
1231 SW 3rd Ave,32601,29.648874,-82.337948,659.5,Chipotle Mexican Grill,29.652292261963808,-82.34149667607767,Mexican Restaurant
1231 SW 3rd Ave,32601,29.648874,-82.337948,659.5,W University Ave & NW 6th St,29.652071845075103,-82.3308730379169,Sculpture Garden
1231 SW 3rd Ave,32601,29.648874,-82.337948,659.5,SUBWAY,29.6518256742407,-82.33525890840542,Sandwich Place
1231 SW 3rd Ave,32601,29.648874,-82.337948,659.5,Faith Vietnamese Cuisine,29.652263,-82.33313,Vietnamese Restaurant
1231 SW 3rd Ave,32601,29.648874,-82.337948,659.5,Krishna Lunch,29.65021082456007,-82.34328430072148,Buffet
1231 SW 3rd Ave,32601,29.648874,-82.337948,659.5,Starbucks,29.653253811845964,-82.33900221193517,Coffee Shop
1231 SW 3rd Ave,32601,29.648874,-82.337948,659.5,Target,29.65354,-82.33839,Big Box Store
1231 SW 3rd Ave,32601,29.648874,-82.337948,659.5,Relish,29.652438917902106,-82.34480153662646,Burger Joint
1231 SW 3rd Ave,32601,29.648874,-82.337948,659.5,Leonardo's 706,29.65237932361244,-82.331938974942,American Restaurant
1231 SW 3rd Ave,32601,29.648874,-82.337948,659.5,French Fries @ Marston,29.64798634907535,-82.3443311166232,Sculpture Garden
1231 SW 3rd Ave,32601,29.648874,-82.337948,659.5,Starbucks,29.652313,-82.341993,Coffee Shop
1231 SW 3rd Ave,32601,29.648874,-82.337948,659.5,Pita Pit,29.652458,-82.345048,Sandwich Place
1231 SW 3rd Ave,32601,29.648874,-82.337948,659.5,Gator Plus,29.65258657772496,-82.3440139045932,Clothing Store
1231 SW 3rd Ave,32601,29.648874,-82.337948,659.5,The Swamp Restaurant,29.652254916491362,-82.34460857816016,Restaurant
1231 SW 3rd Ave,32601,29.648874,-82.337948,659.5,Kava Bar and Hookah Lounge,29.651939342740242,-82.33544212148355,Hookah Bar
1231 SW 3rd Ave,32601,29.648874,-82.337948,659.5,Chase Bank,29.652289,-82.3398869,Bank
1231 SW 3rd Ave,32601,29.648874,-82.337948,659.5,Salty Dog Saloon,29.652325309575343,-82.34511566011626,Bar
1231 SW 3rd Ave,32601,29.648874,-82.337948,659.5,Sushi-2-Go,29.65228648687758,-82.34102873281431,Sushi Restaurant
1231 SW 3rd Ave,32601,29.648874,-82.337948,659.5,Circle K,29.651859,-82.338914,Convenience Store
1231 SW 3rd Ave,32601,29.648874,-82.337948,659.5,Starbucks,29.64822081509367,-82.34542436156691,Coffee Shop
1231 SW 3rd Ave,32601,29.648874,-82.337948,659.5,SUBWAY,29.64622508463593,-82.34322072072158,Sandwich Place
1231 SW 3rd Ave,32601,29.648874,-82.337948,659.5,Papa John's Pizza,29.651854,-82.33672,Pizza Place
1231 SW 3rd Ave,32601,29.648874,-82.337948,659.5,Grog House Bar & Grill,29.652257220664318,-82.34524611228855,Bar
1231 SW 3rd Ave,32601,29.648874,-82.337948,659.5,SUBWAY,29.648817602071112,-82.34477414795629,Sandwich Place
1231 SW 3rd Ave,32601,29.648874,-82.337948,659.5,Enterprise Rent-A-Car,29.652387539246597,-82.33275277913435,Rental Car Location
1231 SW 3rd Ave,32601,29.648874,-82.337948,659.5,Subway,29.648816975563207,-82.34440224450805,Sandwich Place
1231 SW 3rd Ave,32601,29.648874,-82.337948,659.5,Billy-Bobz BBQ,29.652312,-82.338014,BBQ Joint
1231 SW 3rd Ave,32601,29.648874,-82.337948,659.5,Holiday Inn University Center Gainesville,29.65266,-82.3386,Hotel
1231 SW 3rd Ave,32601,29.648874,-82.337948,659.5,GATE,29.6559055,-82.33955309999999,Gas Station
1231 SW 3rd Ave,32601,29.648874,-82.337948,659.5,Sushi Chao,29.65217602525786,-82.34399984670686,Sushi Restaurant
1231 SW 3rd Ave,32601,29.648874,-82.337948,659.5,Designer Greens,29.652574891423324,-82.34491593150022,Salad Place
1231 SW 3rd Ave,32601,29.648874,-82.337948,659.5,Checkers,29.652319794516096,-82.3340688209737,Fast Food Restaurant
1231 SW 3rd Ave,32601,29.648874,-82.337948,659.5,Au Bon Pain,29.648963,-82.345217,Sandwich Place
1231 SW 3rd Ave,32601,29.648874,-82.337948,659.5,Chick-fil-A,29.6483257,-82.3451038,Fast Food Restaurant
1231 SW 3rd Ave,32601,29.648874,-82.337948,659.5,Dunkin' / Baskin-Robbins,29.652239841545445,-82.34111714786201,Donut Shop
1231 SW 3rd Ave,32601,29.648874,-82.337948,659.5,Target Copy,29.65229682799611,-82.34112173310112,Print Shop
1231 SW 3rd Ave,32601,29.648874,-82.337948,659.5,Balls,29.652215700866034,-82.345278618366,Bar
1231 SW 3rd Ave,32601,29.648874,-82.337948,659.5,Fat Daddy's,29.652254174027423,-82.34487368220374,Cocktail Bar
1231 SW 3rd Ave,32601,29.648874,-82.337948,659.5,Burger King,29.64741289178816,-82.34147463234443,Fast Food Restaurant
1231 SW 3rd Ave,32601,29.648874,-82.337948,659.5,Taco Bell,29.652366504838543,-82.333834333422,Fast Food Restaurant
1231 SW 3rd Ave,32601,29.648874,-82.337948,659.5,Puerto Tagwa,29.65188,-82.33355,Arepa Restaurant
1231 SW 3rd Ave,32601,29.648874,-82.337948,659.5,Royal Village Pool,29.64392556597886,-82.33271037940914,Pool
1231 SW 3rd Ave,32601,29.648874,-82.337948,659.5,Depot Avenue Rails-to-Trails Bike Path,29.645452608875026,-82.33111827506623,Trail
3500 SW 19th Ave,32607,29.6359,-82.37506,707.0,UF Orthopaedics & Sports Medicine Institute,29.63831992639041,-82.37367784759402,Doctor's Office
3500 SW 19th Ave,32607,29.6359,-82.37506,707.0,Metro Diner,29.632704,-82.373091,American Restaurant
3500 SW 19th Ave,32607,29.6359,-82.37506,707.0,Florida Museum of Natural History,29.636006644299968,-82.37004040776391,Museum
3500 SW 19th Ave,32607,29.6359,-82.37506,707.0,Hilton,29.6366715,-82.3739474,Hotel
3500 SW 19th Ave,32607,29.6359,-82.37506,707.0,Butterfly Rainforest,29.636030380352068,-82.3700794107129,Garden
3500 SW 19th Ave,32607,29.6359,-82.37506,707.0,Midnight Cookies,29.63308776271157,-82.37350501196238,Bakery
3500 SW 19th Ave,32607,29.6359,-82.37506,707.0,Harn Museum of Art,29.636738572647886,-82.36993491017193,Art Gallery
3500 SW 19th Ave,32607,29.6359,-82.37506,707.0,Curtis M. Phillips Center for the Performing Arts,29.635318973927816,-82.36929066341276,Performing Arts Venue
3500 SW 19th Ave,32607,29.6359,-82.37506,707.0,Bagels Unlimited,29.632817003185625,-82.37327625113303,Bagel Shop
3500 SW 19th Ave,32607,29.6359,-82.37506,707.0,Gumby's Pizza,29.633043912068814,-82.37348121948652,Pizza Place
3500 SW 19th Ave,32607,29.6359,-82.37506,707.0,UF Southwest Recreation Center,29.638083370621437,-82.36850929928747,College Rec Center
3500 SW 19th Ave,32607,29.6359,-82.37506,707.0,Court Of Hero's,29.633028921318605,-82.37351012833791,Dive Bar
3500 SW 19th Ave,32607,29.6359,-82.37506,707.0,Winn-Dixie,29.633608654456005,-82.37366354692318,Grocery Store
3500 SW 19th Ave,32607,29.6359,-82.37506,707.0,Avis Car Rental,29.636876,-82.373649,Rental Car Location
3500 SW 19th Ave,32607,29.6359,-82.37506,707.0,Supercuts,29.632983549226115,-82.37363530049251,Salon / Barbershop
3500 SW 19th Ave,32607,29.6359,-82.37506,707.0,Redbox,29.633260999999997,-82.373926,Video Store
3500 SW 19th Ave,32607,29.6359,-82.37506,707.0,Aquatropics,29.63302440389064,-82.37349966948626,Pet Store
3500 SW 19th Ave,32607,29.6359,-82.37506,707.0,California Chicken Grill,29.63309794852176,-82.37347299431669,American Restaurant
3500 SW 19th Ave,32607,29.6359,-82.37506,707.0,Shula's Steak House,29.63665399999999,-82.37408283068851,Steakhouse
3500 SW 19th Ave,32607,29.6359,-82.37506,707.0,Aloft Gainesville University Area,29.6370228,-82.3786306,Hotel
3500 SW 19th Ave,32607,29.6359,-82.37506,707.0,re:charge gym,29.636940002441406,-82.37897491455078,Gym / Fitness Center
3500 SW 19th Ave,32607,29.6359,-82.37506,707.0,The Estates Gym,29.632080078125,-82.37601470947266,Gym
3500 SW 19th Ave,32607,29.6359,-82.37506,707.0,Squitieri Studio Theatre,29.635436388276762,-82.369331338519,Theater
1015 NW 21st Ave,32609,29.671103,-82.335212,874.0,Coffee Culture,29.671761949947694,-82.33926926242039,Coffee Shop
1015 NW 21st Ave,32609,29.671103,-82.335212,874.0,Adam's Rib Co. North,29.67274785579334,-82.33895161903523,BBQ Joint
1015 NW 21st Ave,32609,29.671103,-82.335212,874.0,Chipotle Mexican Grill,29.673369,-82.338802,Mexican Restaurant
1015 NW 21st Ave,32609,29.671103,-82.335212,874.0,Curia on the Drag,29.67181069911378,-82.33062742903297,Coffee Shop
1015 NW 21st Ave,32609,29.671103,-82.335212,874.0,Ward's Supermarket,29.673661805114733,-82.32975422673239,Supermarket
1015 NW 21st Ave,32609,29.671103,-82.335212,874.0,Lucky's Market,29.672994917200917,-82.3406523571641,Grocery Store
1015 NW 21st Ave,32609,29.671103,-82.335212,874.0,Hogan's Great Sandwiches,29.67545112462725,-82.33794000726866,Sandwich Place
1015 NW 21st Ave,32609,29.671103,-82.335212,874.0,Hong Kong Deli & Market,29.672453,-82.338455,Hong Kong Restaurant
1015 NW 21st Ave,32609,29.671103,-82.335212,874.0,Caribbean Spice,29.674362313623387,-82.3398819565773,Caribbean Restaurant
1015 NW 21st Ave,32609,29.671103,-82.335212,874.0,Pet Supermarket,29.675554435449598,-82.33865005391112,Pet Store
1015 NW 21st Ave,32609,29.671103,-82.335212,874.0,Rural King,29.6777984,-82.3352413,Department Store
1015 NW 21st Ave,32609,29.671103,-82.335212,874.0,Starbucks,29.66643385,-82.3396041,Coffee Shop
1015 NW 21st Ave,32609,29.671103,-82.335212,874.0,Furniture Country,29.674910860543715,-82.34033324468611,Mattress Store
1015 NW 21st Ave,32609,29.671103,-82.335212,874.0,Lowe's,29.6761375,-82.3407226,Hardware Store
1015 NW 21st Ave,32609,29.671103,-82.335212,874.0,Smoothie King,29.673596000000003,-82.338543,Smoothie Shop
1015 NW 21st Ave,32609,29.671103,-82.335212,874.0,Planet Fitness,29.673488561568185,-82.34217440505749,Gym / Fitness Center
1015 NW 21st Ave,32609,29.671103,-82.335212,874.0,Outreach Thrift Store,29.67543,-82.33107,Thrift / Vintage Store
1015 NW 21st Ave,32609,29.671103,-82.335212,874.0,Great Clips,29.672980435900527,-82.34115034046226,Salon / Barbershop
1015 NW 21st Ave,32609,29.671103,-82.335212,874.0,Burlington,29.676812,-82.336597,Department Store
1015 NW 21st Ave,32609,29.671103,-82.335212,874.0,Lloyd Clarke Sports,29.66591162770937,-82.339512822684,Sporting Goods Shop
1015 NW 21st Ave,32609,29.671103,-82.335212,874.0,Larry's Giant Subs,29.674335553723154,-82.33986373097778,Deli / Bodega
1015 NW 21st Ave,32609,29.671103,-82.335212,874.0,Eastern Market 瑞福超市,29.67306366128078,-82.33952864655448,Supermarket
1015 NW 21st Ave,32609,29.671103,-82.335212,874.0,Dollar General,29.676159,-82.338,Discount Store
1015 NW 21st Ave,32609,29.671103,-82.335212,874.0,2nd & Charles,29.676345898818067,-82.33856679840612,Bookstore
1015 NW 21st Ave,32609,29.671103,-82.335212,874.0,PNC Bank,29.66866,-82.33888,Bank
1015 NW 21st Ave,32609,29.671103,-82.335212,874.0,The UPS Store,29.6761722,-82.3382926,Shipping Store
1015 NW 21st Ave,32609,29.671103,-82.335212,874.0,Redbox,29.667156021174822,-82.33895952475254,Video Store
1015 NW 21st Ave,32609,29.671103,-82.335212,874.0,Sugarcreek Restaurant,29.673766605747513,-82.33118220427754,Breakfast Spot
1015 NW 21st Ave,32609,29.671103,-82.335212,874.0,Ross Dress for Less,29.67727311986892,-82.33689952051215,Clothing Store
1015 NW 21st Ave,32609,29.671103,-82.335212,874.0,CVS pharmacy,29.666464867254682,-82.33914176627952,Pharmacy
1015 NW 21st Ave,32609,29.671103,-82.335212,874.0,Walgreens,29.6671972,-82.3388181,Pharmacy
1015 NW 21st Ave,32609,29.671103,-82.335212,874.0,Wells Fargo,29.667902110678046,-82.3386749625206,Bank
1015 NW 21st Ave,32609,29.671103,-82.335212,874.0,GameStop,29.67621654217265,-82.33729526235092,Video Game Store
1015 NW 21st Ave,32609,29.671103,-82.335212,874.0,Verizon Authorized Retailer — Cellular Sales,29.67699809920478,-82.33966525008327,Mobile Phone Shop
1015 NW 21st Ave,32609,29.671103,-82.335212,874.0,Goodwill,29.67351531982422,-82.33811950683594,Thrift / Vintage Store
1015 NW 21st Ave,32609,29.671103,-82.335212,874.0,Taco Bell,29.673634091419572,-82.33952829623135,Fast Food Restaurant
1015 NW 21st Ave,32609,29.671103,-82.335212,874.0,Save-A-Lot,29.676159,-82.338,Grocery Store
1015 NW 21st Ave,32609,29.671103,-82.335212,874.0,SUBWAY,29.672947815962463,-82.34142832274793,Sandwich Place
1015 NW 21st Ave,32609,29.671103,-82.335212,874.0,John French Massage Therapy,29.674182869145277,-82.33521223068236,Massage Studio
1015 NW 21st Ave,32609,29.671103,-82.335212,874.0,Indigo's Homemade,29.670586,-82.33878,Ice Cream Shop
1015 NW 21st Ave,32609,29.671103,-82.335212,874.0,Walker Architects,29.671867,-82.338769,Design Studio
1015 NW 21st Ave,32609,29.671103,-82.335212,874.0,RTS Bus Stop,29.672731133333333,-82.33928448333333,Bus Station
1015 NW 21st Ave,32609,29.671103,-82.335212,874.0,Gallery Protocol,29.671619,-82.330618,Art Gallery
1015 NW 21st Ave,32609,29.671103,-82.335212,874.0,Rooms To Go Outlet,29.674245,-82.338494,Furniture / Home Store
1015 NW 21st Ave,32609,29.671103,-82.335212,874.0,Alachua County Feed & Seed,29.674441,-82.331129,Pet Store
1015 NW 21st Ave,32609,29.671103,-82.335212,874.0,Weecycle Of Gainesville,29.672804,-82.340526,Baby Store
1015 NW 21st Ave,32609,29.671103,-82.335212,874.0,Gator Garage,29.666936,-82.331155,Auto Workshop
1015 NW 21st Ave,32609,29.671103,-82.335212,874.0,Dollar Tree,29.672881519896272,-82.33979588611497,Discount Store
1015 NW 21st Ave,32609,29.671103,-82.335212,874.0,Bealls Outlet,29.676613,-82.337815,Department Store
1015 NW 21st Ave,32609,29.671103,-82.335212,874.0,Furniture Kingdom,29.674819,-82.340802,Furniture / Home Store
1015 NW 21st Ave,32609,29.671103,-82.335212,874.0,Charlie's Snow Shack,29.676965398235886,-82.33878587310708,Food Truck
1015 NW 21st Ave,32609,29.671103,-82.335212,874.0,Insty-Prints,29.673396,-82.327974,Print Shop
6400 SW 20th Ave,32607,29.64016,-82.41128,885.0,Split Rock Conservation Area,29.638721155970988,-82.41011559963226,Nature Preserve
6400 SW 20th Ave,32607,29.64016,-82.41128,885.0,John Mahon Nature Park,29.64617163277469,-82.41109117910666,Park
6400 SW 20th Ave,32607,29.64016,-82.41128,885.0,Bento Bubble Teas,29.646722,-82.413557,Tea Room
3600 Windmeadows Blvd,32608,29.629153,-82.37584,799.0,Tijuana Flats,29.62621,-82.37418,Tex-Mex Restaurant
3600 Windmeadows Blvd,32608,29.629153,-82.37584,799.0,Metro Diner,29.632704,-82.373091,American Restaurant
3600 Windmeadows Blvd,32608,29.629153,-82.37584,799.0,Bonefish Grill,29.625212650735623,-82.37767540878538,Seafood Restaurant
3600 Windmeadows Blvd,32608,29.629153,-82.37584,799.0,Cheesecake Factory,29.625997,-82.375086,American Restaurant
3600 Windmeadows Blvd,32608,29.629153,-82.37584,799.0,Chuy's Gainesville,29.62747557173395,-82.3738802298933,Mexican Restaurant
3600 Windmeadows Blvd,32608,29.629153,-82.37584,799.0,Whole Foods Market,29.62542159057445,-82.37588064652499,Grocery Store
3600 Windmeadows Blvd,32608,29.629153,-82.37584,799.0,Firehouse Subs,29.625412,-82.378119,Sandwich Place
3600 Windmeadows Blvd,32608,29.629153,-82.37584,799.0,Sushi Matsuri,29.62655496573338,-82.37415170966742,Sushi Restaurant
3600 Windmeadows Blvd,32608,29.629153,-82.37584,799.0,CVS pharmacy,29.62696051504531,-82.37306023090113,Pharmacy
3600 Windmeadows Blvd,32608,29.629153,-82.37584,799.0,Regal Butler Town Center,29.627239,-82.3772,Movie Theater
3600 Windmeadows Blvd,32608,29.629153,-82.37584,799.0,Starbucks,29.6244094,-82.37607721,Coffee Shop
3600 Windmeadows Blvd,32608,29.629153,-82.37584,799.0,Carrabba's Italian Grill,29.6261194,-82.3715944,Italian Restaurant
3600 Windmeadows Blvd,32608,29.629153,-82.37584,799.0,Yummy House,29.625038706448116,-82.37270486309662,Szechuan Restaurant
3600 Windmeadows Blvd,32608,29.629153,-82.37584,799.0,Midnight Cookies,29.63308776271157,-82.37350501196238,Bakery
3600 Windmeadows Blvd,32608,29.629153,-82.37584,799.0,JOANN Fabrics and Crafts,29.62447544307406,-82.37933163046023,Fabric Shop
3600 Windmeadows Blvd,32608,29.629153,-82.37584,799.0,Dunkin',29.625874284316613,-82.37286722729817,Donut Shop
3600 Windmeadows Blvd,32608,29.629153,-82.37584,799.0,4 Rivers Smokehouse,29.623628312336326,-82.37752865414976,BBQ Joint
3600 Windmeadows Blvd,32608,29.629153,-82.37584,799.0,Panera Bread,29.625161,-82.373782,Bakery
3600 Windmeadows Blvd,32608,29.629153,-82.37584,799.0,Marshalls,29.6272064,-82.3823758,Department Store
3600 Windmeadows Blvd,32608,29.629153,-82.37584,799.0,Bagels Unlimited,29.632817003185625,-82.37327625113303,Bagel Shop
3600 Windmeadows Blvd,32608,29.629153,-82.37584,799.0,World of Beer,29.624416452985738,-82.37201117228898,Bar
3600 Windmeadows Blvd,32608,29.629153,-82.37584,799.0,Total Wine & More,29.627885,-82.382639,Wine Shop
3600 Windmeadows Blvd,32608,29.629153,-82.37584,799.0,Earth Fare,29.625308376206096,-82.37037760826644,Health Food Store
3600 Windmeadows Blvd,32608,29.629153,-82.37584,799.0,Trader Joe's,29.622937705124954,-82.37955192615071,Grocery Store
3600 Windmeadows Blvd,32608,29.629153,-82.37584,799.0,Bay Island Coffee,29.62378943626426,-82.3769412703384,Coffee Shop
3600 Windmeadows Blvd,32608,29.629153,-82.37584,799.0,GiGi's Cupcakes,29.624236611509005,-82.375787508892,Cupcake Shop
3600 Windmeadows Blvd,32608,29.629153,-82.37584,799.0,Publix,29.62495430214784,-82.37901157917797,Grocery Store
3600 Windmeadows Blvd,32608,29.629153,-82.37584,799.0,McAlister's Deli,29.623967437472842,-82.37809609481137,Deli / Bodega
3600 Windmeadows Blvd,32608,29.629153,-82.37584,799.0,Lowe's,29.6255021,-82.3814663,Hardware Store
3600 Windmeadows Blvd,32608,29.629153,-82.37584,799.0,Gumby's Pizza,29.633043912068814,-82.37348121948652,Pizza Place
3600 Windmeadows Blvd,32608,29.629153,-82.37584,799.0,Peach Valley Cafe,29.624490105011663,-82.37127816081077,American Restaurant
3600 Windmeadows Blvd,32608,29.629153,-82.37584,799.0,Panda Express,29.623160403563087,-82.37705436258281,Chinese Restaurant
3600 Windmeadows Blvd,32608,29.629153,-82.37584,799.0,Five Below,29.627444,-82.3824788,Discount Store
3600 Windmeadows Blvd,32608,29.629153,-82.37584,799.0,Kung Fu Tea,29.625150619012473,-82.37293295331796,Bubble Tea Shop
3600 Windmeadows Blvd,32608,29.629153,-82.37584,799.0,Kohl's,29.624088,-82.375451,Department Store
3600 Windmeadows Blvd,32608,29.629153,-82.37584,799.0,BurgerFi,29.624297219142573,-82.37582703085009,Burger Joint
3600 Windmeadows Blvd,32608,29.629153,-82.37584,799.0,The Hyppo,29.624031,-82.378789,Dessert Shop
3600 Windmeadows Blvd,32608,29.629153,-82.37584,799.0,Michaels,29.623333590352132,-82.37873911857605,Arts & Crafts Store
3600 Windmeadows Blvd,32608,29.629153,-82.37584,799.0,Hungry Howie's Pizza,29.626480157365148,-82.37422684675,Pizza Place
3600 Windmeadows Blvd,32608,29.629153,-82.37584,799.0,Five Guys,29.6231575,-82.3757706,Burger Joint
3600 Windmeadows Blvd,32608,29.629153,-82.37584,799.0,DICK'S Sporting Goods,29.628288763212062,-82.38337720538829,Sporting Goods Shop
3600 Windmeadows Blvd,32608,29.629153,-82.37584,799.0,Court Of Hero's,29.633028921318605,-82.37351012833791,Dive Bar
3600 Windmeadows Blvd,32608,29.629153,-82.37584,799.0,Guitar Center,29.6243188,-82.3789713,Music Store
3600 Windmeadows Blvd,32608,29.629153,-82.37584,799.0,Smoothie King,29.623581,-82.376713,Smoothie Shop
3600 Windmeadows Blvd,32608,29.629153,-82.37584,799.0,Chili's Grill & Bar,29.624087,-82.3763243,Tex-Mex Restaurant
3600 Windmeadows Blvd,32608,29.629153,-82.37584,799.0,Youfit Health Clubs,29.6259632,-82.3708364,Gym
3600 Windmeadows Blvd,32608,29.629153,-82.37584,799.0,Walgreens,29.6246507,-82.3743591,Pharmacy
3600 Windmeadows Blvd,32608,29.629153,-82.37584,799.0,ABC Fine Wine & Spirits,29.625846,-82.373286,Liquor Store
3600 Windmeadows Blvd,32608,29.629153,-82.37584,799.0,Falafel King,29.62385241531967,-82.37765874928911,Falafel Restaurant
3600 Windmeadows Blvd,32608,29.629153,-82.37584,799.0,ALDI,29.62628271103798,-82.38185518650812,Grocery Store
3600 Windmeadows Blvd,32608,29.629153,-82.37584,799.0,Planet Smoothie,29.623153,-82.375622,Smoothie Shop
3600 Windmeadows Blvd,32608,29.629153,-82.37584,799.0,Cold Stone Creamery,29.625352,-82.37371,Ice Cream Shop
3600 Windmeadows Blvd,32608,29.629153,-82.37584,799.0,Supercuts,29.632983549226115,-82.37363530049251,Salon / Barbershop
3600 Windmeadows Blvd,32608,29.629153,-82.37584,799.0,Winn-Dixie,29.633608654456005,-82.37366354692318,Grocery Store
3600 Windmeadows Blvd,32608,29.629153,-82.37584,799.0,TCBY,29.62513351757279,-82.37277821097204,Ice Cream Shop
3600 Windmeadows Blvd,32608,29.629153,-82.37584,799.0,Redbox,29.633260999999997,-82.373926,Video Store
3600 Windmeadows Blvd,32608,29.629153,-82.37584,799.0,Taco Bell,29.626689984624388,-82.37360070464776,Fast Food Restaurant
3600 Windmeadows Blvd,32608,29.629153,-82.37584,799.0,Hooters,29.624168309503982,-82.37192630767822,Wings Joint
3600 Windmeadows Blvd,32608,29.629153,-82.37584,799.0,Sally Beauty,29.62623955326071,-82.37635514118315,Cosmetics Shop
3600 Windmeadows Blvd,32608,29.629153,-82.37584,799.0,Great Clips,29.6243837,-82.3790781,Salon / Barbershop
3600 Windmeadows Blvd,32608,29.629153,-82.37584,799.0,Moe's Southwest Grill,29.62543216439785,-82.37376105507074,Mexican Restaurant
3600 Windmeadows Blvd,32608,29.629153,-82.37584,799.0,Aquatropics,29.63302440389064,-82.37349966948626,Pet Store
3600 Windmeadows Blvd,32608,29.629153,-82.37584,799.0,Ross Dress for Less,29.623009171438284,-82.37949202552717,Clothing Store
3600 Windmeadows Blvd,32608,29.629153,-82.37584,799.0,China King,29.624217474027382,-82.37816136190506,Chinese Restaurant
3600 Windmeadows Blvd,32608,29.629153,-82.37584,799.0,T-Mobile,29.623363,-82.376865,Mobile Phone Shop
3600 Windmeadows Blvd,32608,29.629153,-82.37584,799.0,Tuesday Morning,29.623186697718857,-82.3801338672638,Discount Store
3600 Windmeadows Blvd,32608,29.629153,-82.37584,799.0,Verizon,29.62623759043046,-82.37281545996666,Mobile Phone Shop
3600 Windmeadows Blvd,32608,29.629153,-82.37584,799.0,AT&T,29.622638762991244,-82.3776595294475,Mobile Phone Shop
3600 Windmeadows Blvd,32608,29.629153,-82.37584,799.0,Bojangles' Famous Chicken 'n Biscuits,29.6290993,-82.3695022,Fast Food Restaurant
3600 Windmeadows Blvd,32608,29.629153,-82.37584,799.0,TGI Fridays,29.6258614,-82.3830508,American Restaurant
3600 Windmeadows Blvd,32608,29.629153,-82.37584,799.0,Dollar Tree,29.626356904518097,-82.37623638498285,Discount Store
3600 Windmeadows Blvd,32608,29.629153,-82.37584,799.0,Papa John's Pizza,29.622490451122104,-82.37666009998492,Pizza Place
3600 Windmeadows Blvd,32608,29.629153,-82.37584,799.0,Tires Plus,29.628213,-82.37201999999999,Automotive Shop
3600 Windmeadows Blvd,32608,29.629153,-82.37584,799.0,Pier 1 Imports,29.622776,-82.3782988,Furniture / Home Store
3600 Windmeadows Blvd,32608,29.629153,-82.37584,799.0,Domino's Pizza,29.6228751,-82.37607,Pizza Place
3600 Windmeadows Blvd,32608,29.629153,-82.37584,799.0,Pizza Hut,29.62377074737983,-82.37504459920274,Pizza Place
3600 Windmeadows Blvd,32608,29.629153,-82.37584,799.0,Grub Burger Bar,29.625988942432656,-82.3747350981476,Burger Joint
3600 Windmeadows Blvd,32608,29.629153,-82.37584,799.0,Ashley HomeStore,29.628683,-82.383248,Furniture / Home Store
3600 Windmeadows Blvd,32608,29.629153,-82.37584,799.0,Batteries Plus Bulbs,29.623123,-82.37548000000001,Other Repair Shop
3600 Windmeadows Blvd,32608,29.629153,-82.37584,799.0,Oriental Food & Gift Market,29.624069755355706,-82.37112259585015,Grocery Store
3600 Windmeadows Blvd,32608,29.629153,-82.37584,799.0,Tropical Smoothie Cafe,29.623838778187995,-82.37120815427022,Café
3600 Windmeadows Blvd,32608,29.629153,-82.37584,799.0,California Chicken Grill,29.63309794852176,-82.37347299431669,American Restaurant
3600 Windmeadows Blvd,32608,29.629153,-82.37584,799.0,OfficeMax,29.623171,-82.378459,Paper / Office Supplies Store
3600 Windmeadows Blvd,32608,29.629153,-82.37584,799.0,Shell,29.627681229904265,-82.37213113757886,Gas Station
3600 Windmeadows Blvd,32608,29.629153,-82.37584,799.0,Miya Sushi,29.62440263709907,-82.37844243376372,Sushi Restaurant
3600 Windmeadows Blvd,32608,29.629153,-82.37584,799.0,The Estates Gym,29.632080078125,-82.37601470947266,Gym
3600 Windmeadows Blvd,32608,29.629153,-82.37584,799.0,uBreakiFix - Gainesville,29.62668874932509,-82.37204671758616,Mobile Phone Shop
3600 Windmeadows Blvd,32608,29.629153,-82.37584,799.0,Hooters,29.624976,-82.3719278,American Restaurant
3600 Windmeadows Blvd,32608,29.629153,-82.37584,799.0,Tea Bestea,29.626100540161133,-82.3707046508789,Poke Place
3600 Windmeadows Blvd,32608,29.629153,-82.37584,799.0,Cox Store,29.624101236880815,-82.37872796507872,Electronics Store
3600 Windmeadows Blvd,32608,29.629153,-82.37584,799.0,Zero Degrees,29.625715255737305,-82.3706283569336,Ice Cream Shop
3600 Windmeadows Blvd,32608,29.629153,-82.37584,799.0,OGGI Italian,29.625024,-82.371307,Italian Restaurant
3600 Windmeadows Blvd,32608,29.629153,-82.37584,799.0,Fridays (T.G.I.),29.625850601711946,-82.38312607592017,American Restaurant
3600 Windmeadows Blvd,32608,29.629153,-82.37584,799.0,Taste Noodle House,29.624872556027437,-82.37130155494529,Vietnamese Restaurant
3600 Windmeadows Blvd,32608,29.629153,-82.37584,799.0,David's Bridal,29.6274756,-82.3824696,Bridal Shop
3600 Windmeadows Blvd,32608,29.629153,-82.37584,799.0,Frosty Fox,29.624139,-82.371941,Bubble Tea Shop
3600 Windmeadows Blvd,32608,29.629153,-82.37584,799.0,Nine Spices Fondue,29.623843,-82.37196,Asian Restaurant
321 NW 21st Ln,32609,29.67268,-82.32937,814.0,Ward's Supermarket,29.673661805114733,-82.32975422673239,Supermarket
321 NW 21st Ln,32609,29.67268,-82.32937,814.0,Curia on the Drag,29.67181069911378,-82.33062742903297,Coffee Shop
321 NW 21st Ln,32609,29.67268,-82.32937,814.0,Outreach Thrift Store,29.67543,-82.33107,Thrift / Vintage Store
321 NW 21st Ln,32609,29.67268,-82.32937,814.0,Rural King,29.6777984,-82.3352413,Department Store
321 NW 21st Ln,32609,29.67268,-82.32937,814.0,Civilization,29.666206972612507,-82.32644129367628,American Restaurant
321 NW 21st Ln,32609,29.67268,-82.32937,814.0,The Clock,29.671627205390298,-82.32306500923106,Diner
321 NW 21st Ln,32609,29.67268,-82.32937,814.0,Sugarcreek Restaurant,29.673766605747513,-82.33118220427754,Breakfast Spot
321 NW 21st Ln,32609,29.67268,-82.32937,814.0,Wingstop,29.66634783774871,-82.32569693007733,Wings Joint
321 NW 21st Ln,32609,29.67268,-82.32937,814.0,Ollie's Bargain Outlet,29.675352,-82.322397,Outlet Store
321 NW 21st Ln,32609,29.67268,-82.32937,814.0,Burger King,29.666947727336165,-82.32534974813461,Fast Food Restaurant
321 NW 21st Ln,32609,29.67268,-82.32937,814.0,Gallery Protocol,29.671619,-82.330618,Art Gallery
321 NW 21st Ln,32609,29.67268,-82.32937,814.0,Wendy’s,29.66810766940942,-82.32405566208568,Fast Food Restaurant
321 NW 21st Ln,32609,29.67268,-82.32937,814.0,Big Lots,29.6747701407918,-82.32231616973877,Big Box Store
321 NW 21st Ln,32609,29.67268,-82.32937,814.0,Winn-Dixie,29.67550894,-82.322194,Grocery Store
321 NW 21st Ln,32609,29.67268,-82.32937,814.0,Greyhound: Bus Station,29.673595820548964,-82.32351883298236,Bus Station
321 NW 21st Ln,32609,29.67268,-82.32937,814.0,John French Massage Therapy,29.674182869145277,-82.33521223068236,Massage Studio
321 NW 21st Ln,32609,29.67268,-82.32937,814.0,Hidden Lake Pool,29.670759370895695,-82.33520238823316,Pool
321 NW 21st Ln,32609,29.67268,-82.32937,814.0,Studio Percussion,29.675728,-82.324109,Music Store
321 NW 21st Ln,32609,29.67268,-82.32937,814.0,Gatorland Laundromat,29.675023,-82.3231,Laundromat
321 NW 21st Ln,32609,29.67268,-82.32937,814.0,Gator Garage,29.666936,-82.331155,Auto Workshop
321 NW 21st Ln,32609,29.67268,-82.32937,814.0,Wood You of Gainesville,29.66698716,-82.32426356666667,Furniture / Home Store
708 SW 16th Ave,32601,29.6378,-82.33352,775.0,Adam's Rib Co. South,29.63728195726988,-82.33896159515976,BBQ Joint
708 SW 16th Ave,32601,29.6378,-82.33352,775.0,Avant Garde salon,29.638393553131436,-82.33932890691565,Salon / Barbershop
708 SW 16th Ave,32601,29.6378,-82.33352,775.0,Blue Gill,29.638306773578048,-82.33933896549948,Southern / Soul Food Restaurant
708 SW 16th Ave,32601,29.6378,-82.33352,775.0,Sai Kwik Stop,29.636157476660024,-82.33897662502804,Liquor Store
708 SW 16th Ave,32601,29.6378,-82.33352,775.0,Momoyaki,29.635691,-82.339674,Sushi Restaurant
708 SW 16th Ave,32601,29.6378,-82.33352,775.0,Steak 'n Shake,29.63608114021477,-82.33986891342732,American Restaurant
708 SW 16th Ave,32601,29.6378,-82.33352,775.0,SUBWAY,29.634919165679648,-82.33905331779101,Sandwich Place
708 SW 16th Ave,32601,29.6378,-82.33352,775.0,Wah Ha Ha Thai Restaurant,29.633533,-82.33977,Thai Restaurant
708 SW 16th Ave,32601,29.6378,-82.33352,775.0,Performing Arts Center,29.64063469557251,-82.33533436565493,Theater
708 SW 16th Ave,32601,29.6378,-82.33352,775.0,Winn-Dixie,29.637333985513376,-82.32851866459504,Grocery Store
708 SW 16th Ave,32601,29.6378,-82.33352,775.0,Dollar Tree,29.636409668634144,-82.3285851866412,Discount Store
708 SW 16th Ave,32601,29.6378,-82.33352,775.0,Backstage Lounge,29.637418542663806,-82.32664616886716,Rock Club
708 SW 16th Ave,32601,29.6378,-82.33352,775.0,AK Security Services,29.636644244107647,-82.33430498703308,Business Service
708 SW 16th Ave,32601,29.6378,-82.33352,775.0,Oakbrook Walk,29.638704494545298,-82.33666107349099,Residential Building (Apartment / Condo)
708 SW 16th Ave,32601,29.6378,-82.33352,775.0,Arby's,29.6376441,-82.3388913,Fast Food Restaurant
708 SW 16th Ave,32601,29.6378,-82.33352,775.0,P Wing (Gymnasium),29.641109466552734,-82.33560943603516,Gym
708 SW 16th Ave,32601,29.6378,-82.33352,775.0,Hop Top Lounge,29.636001,-82.338175,Beer Bar
708 SW 16th Ave,32601,29.6378,-82.33352,775.0,Gator Liquor,29.636057951139918,-82.33823411790264,Liquor Store
708 SW 16th Ave,32601,29.6378,-82.33352,775.0,Wildflower,29.64009892112363,-82.33814503655215,Residential Building (Apartment / Condo)
708 SW 16th Ave,32601,29.6378,-82.33352,775.0,Shands Fitness and Wellness Center,29.638406737710916,-82.33931997715416,Gym
708 SW 16th Ave,32601,29.6378,-82.33352,775.0,Tumblin' Creek Park,29.642901352418118,-82.33259741318938,Lake
708 SW 16th Ave,32601,29.6378,-82.33352,775.0,Halo Potato Donut Food Truck,29.63726802588473,-82.32672505707781,Food Truck
708 SW 16th Ave,32601,29.6378,-82.33352,775.0,Xtra Liquors,29.635164,-82.339834,Liquor Store
708 SW 16th Ave,32601,29.6378,-82.33352,775.0,Days Inn,29.634437772000226,-82.33871699034114,Hotel
6929 W University Ave,32607,29.651976,-82.416021,820.0,DSW Designer Shoe Warehouse,29.65851753058367,-82.41557657718658,Shoe Store
6929 W University Ave,32607,29.651976,-82.416021,820.0,Petco,29.657094450173314,-82.41585980187945,Pet Store
6929 W University Ave,32607,29.651976,-82.416021,820.0,Starbucks,29.65647383,-82.41085981,Coffee Shop
6929 W University Ave,32607,29.651976,-82.416021,820.0,Ulta Beauty - Curbside Pickup Only,29.658308,-82.4158474,Cosmetics Shop
6929 W University Ave,32607,29.651976,-82.416021,820.0,JCPenney,29.6568429,-82.4127177,Department Store
6929 W University Ave,32607,29.651976,-82.416021,820.0,Buffalo Wild Wings,29.6580146,-82.4118694,Wings Joint
6929 W University Ave,32607,29.651976,-82.416021,820.0,Ocean Buffet,29.65858635465585,-82.41479953689237,Asian Restaurant
6929 W University Ave,32607,29.651976,-82.416021,820.0,Banana Republic,29.656897,-82.411204,Clothing Store
6929 W University Ave,32607,29.651976,-82.416021,820.0,Bed Bath & Beyond,29.6579916,-82.4158493,Furniture / Home Store
6929 W University Ave,32607,29.651976,-82.416021,820.0,Jason's Deli,29.65853168735949,-82.41455440545015,Deli / Bodega
6929 W University Ave,32607,29.651976,-82.416021,820.0,Bath & Body Works,29.656884341194303,-82.41151860206692,Cosmetics Shop
6929 W University Ave,32607,29.651976,-82.416021,820.0,Zumiez,29.656574,-82.411222,Clothing Store
6929 W University Ave,32607,29.651976,-82.416021,820.0,Charleys Philly Steaks,29.657037,-82.410438,Sandwich Place
6929 W University Ave,32607,29.651976,-82.416021,820.0,Red Mango,29.65717175878259,-82.41069154280812,Ice Cream Shop
6929 W University Ave,32607,29.651976,-82.416021,820.0,Yankee Candle,29.656574,-82.411222,Gift Shop
6929 W University Ave,32607,29.651976,-82.416021,820.0,GAP,29.65562216997609,-82.41100052281455,Clothing Store
6929 W University Ave,32607,29.651976,-82.416021,820.0,H&M,29.657162921882872,-82.41201696577264,Clothing Store
6929 W University Ave,32607,29.651976,-82.416021,820.0,LensCrafters,29.655015345673142,-82.41103128253995,Optical Shop
6929 W University Ave,32607,29.651976,-82.416021,820.0,Victoria's Secret PINK,29.657516434250645,-82.41159254408758,Lingerie Store
6929 W University Ave,32607,29.651976,-82.416021,820.0,Aéropostale,29.657454322188897,-82.41136255411203,Clothing Store
6929 W University Ave,32607,29.651976,-82.416021,820.0,Gymboree,29.656574,-82.411222,Kids Store
6929 W University Ave,32607,29.651976,-82.416021,820.0,MAC Cosmetics,29.65685272216797,-82.41120147705078,Cosmetics Shop
6929 W University Ave,32607,29.651976,-82.416021,820.0,Gator Cinemas,29.65757705250689,-82.41469044869889,Multiplex
6929 W University Ave,32607,29.651976,-82.416021,820.0,American Eagle Store,29.6575757,-82.4112004,Clothing Store
6929 W University Ave,32607,29.651976,-82.416021,820.0,Hot Topic,29.657095041587283,-82.41071248879632,Clothing Store
6929 W University Ave,32607,29.651976,-82.416021,820.0,Auntie Anne's,29.657206995484227,-82.41071115879302,Snack Place
6929 W University Ave,32607,29.651976,-82.416021,820.0,Lane Bryant,29.656574,-82.411222,Women's Store
6929 W University Ave,32607,29.651976,-82.416021,820.0,Finish Line,29.657738,-82.41126,Shoe Store
6929 W University Ave,32607,29.651976,-82.416021,820.0,T-Mobile,29.657234,-82.41134230000002,Mobile Phone Shop
6929 W University Ave,32607,29.651976,-82.416021,820.0,Pac Sun,29.657420427038367,-82.41173185851376,Clothing Store
6929 W University Ave,32607,29.651976,-82.416021,820.0,Champs Sports,29.6577078,-82.4117291,Sporting Goods Shop
6929 W University Ave,32607,29.651976,-82.416021,820.0,francesca's,29.6576155,-82.4113693,Boutique
6929 W University Ave,32607,29.651976,-82.416021,820.0,TD Bank,29.6529189,-82.422985,Bank
6929 W University Ave,32607,29.651976,-82.416021,820.0,Buckle,29.657403721425027,-82.41091567684714,Clothing Store
6929 W University Ave,32607,29.651976,-82.416021,820.0,Express,29.656702,-82.411728,Clothing Store
6929 W University Ave,32607,29.651976,-82.416021,820.0,Hampton Oaks Bldg C,29.651909,-82.409636,Residential Building (Apartment / Condo)
6929 W University Ave,32607,29.651976,-82.416021,820.0,Sears,29.655698776245117,-82.41017150878906,Department Store
6929 W University Ave,32607,29.651976,-82.416021,820.0,John Mahon Nature Park,29.64617163277469,-82.41109117910666,Park
3751 SW 20th Ave,32607,29.633145,-82.379791,787.0,Metro Diner,29.632704,-82.373091,American Restaurant
3751 SW 20th Ave,32607,29.633145,-82.379791,787.0,Total Wine & More,29.627885,-82.382639,Wine Shop
3751 SW 20th Ave,32607,29.633145,-82.379791,787.0,Midnight Cookies,29.63308776271157,-82.37350501196238,Bakery
3751 SW 20th Ave,32607,29.633145,-82.379791,787.0,Marshalls,29.6272064,-82.3823758,Department Store
3751 SW 20th Ave,32607,29.633145,-82.379791,787.0,Olive Garden,29.628195861023688,-82.38518288686193,Italian Restaurant
3751 SW 20th Ave,32607,29.633145,-82.379791,787.0,LongHorn Steakhouse,29.627401000000003,-82.384416,Steakhouse
3751 SW 20th Ave,32607,29.633145,-82.379791,787.0,Bagels Unlimited,29.632817003185625,-82.37327625113303,Bagel Shop
3751 SW 20th Ave,32607,29.633145,-82.379791,787.0,Five Below,29.627444,-82.3824788,Discount Store
3751 SW 20th Ave,32607,29.633145,-82.379791,787.0,Hilton,29.6366715,-82.3739474,Hotel
3751 SW 20th Ave,32607,29.633145,-82.379791,787.0,DICK'S Sporting Goods,29.628288763212062,-82.38337720538829,Sporting Goods Shop
3751 SW 20th Ave,32607,29.633145,-82.379791,787.0,Gumby's Pizza,29.633043912068814,-82.37348121948652,Pizza Place
3751 SW 20th Ave,32607,29.633145,-82.379791,787.0,Regal Butler Town Center,29.627239,-82.3772,Movie Theater
3751 SW 20th Ave,32607,29.633145,-82.379791,787.0,Court Of Hero's,29.633028921318605,-82.37351012833791,Dive Bar
3751 SW 20th Ave,32607,29.633145,-82.379791,787.0,ALDI,29.62628271103798,-82.38185518650812,Grocery Store
3751 SW 20th Ave,32607,29.633145,-82.379791,787.0,Winn-Dixie,29.633608654456005,-82.37366354692318,Grocery Store
3751 SW 20th Ave,32607,29.633145,-82.379791,787.0,Supercuts,29.632983549226115,-82.37363530049251,Salon / Barbershop
3751 SW 20th Ave,32607,29.633145,-82.379791,787.0,Redbox,29.633260999999997,-82.373926,Video Store
3751 SW 20th Ave,32607,29.633145,-82.379791,787.0,Aquatropics,29.63302440389064,-82.37349966948626,Pet Store
3751 SW 20th Ave,32607,29.633145,-82.379791,787.0,Avis Car Rental,29.636876,-82.373649,Rental Car Location
3751 SW 20th Ave,32607,29.633145,-82.379791,787.0,California Chicken Grill,29.63309794852176,-82.37347299431669,American Restaurant
3751 SW 20th Ave,32607,29.633145,-82.379791,787.0,The Estates Gym,29.632080078125,-82.37601470947266,Gym
3751 SW 20th Ave,32607,29.633145,-82.379791,787.0,Aloft Gainesville University Area,29.6370228,-82.3786306,Hotel
3751 SW 20th Ave,32607,29.633145,-82.379791,787.0,Shula's Steak House,29.63665399999999,-82.37408283068851,Steakhouse
3751 SW 20th Ave,32607,29.633145,-82.379791,787.0,David's Bridal,29.6274756,-82.3824696,Bridal Shop
1303 SW 13th St,32608,29.63885,-82.33857,878.0,Adam's Rib Co. South,29.63728195726988,-82.33896159515976,BBQ Joint
1303 SW 13th St,32608,29.63885,-82.33857,878.0,Avant Garde salon,29.638393553131436,-82.33932890691565,Salon / Barbershop
1303 SW 13th St,32608,29.63885,-82.33857,878.0,Blue Gill,29.638306773578048,-82.33933896549948,Southern / Soul Food Restaurant
1303 SW 13th St,32608,29.63885,-82.33857,878.0,Sai Kwik Stop,29.636157476660024,-82.33897662502804,Liquor Store
1303 SW 13th St,32608,29.63885,-82.33857,878.0,Momoyaki,29.635691,-82.339674,Sushi Restaurant
1303 SW 13th St,32608,29.63885,-82.33857,878.0,Steak 'n Shake,29.63608114021477,-82.33986891342732,American Restaurant
1303 SW 13th St,32608,29.63885,-82.33857,878.0,Chick-fil-A,29.64073499280666,-82.3444804180855,Fast Food Restaurant
1303 SW 13th St,32608,29.63885,-82.33857,878.0,Opus Cafe,29.639576487560696,-82.34361864454695,Coffee Shop
1303 SW 13th St,32608,29.63885,-82.33857,878.0,SUBWAY,29.634919165679648,-82.33905331779101,Sandwich Place
1303 SW 13th St,32608,29.63885,-82.33857,878.0,CVS pharmacy,29.633481219124636,-82.34275025591334,Pharmacy
1303 SW 13th St,32608,29.63885,-82.33857,878.0,Wah Ha Ha Thai Restaurant,29.633533,-82.33977,Thai Restaurant
1303 SW 13th St,32608,29.63885,-82.33857,878.0,Home2 Suites by Hilton,29.6321845,-82.3390481,Hotel
1303 SW 13th St,32608,29.63885,-82.33857,878.0,Shands Cafeteria,29.64063809678171,-82.34341596657009,Food Court
1303 SW 13th St,32608,29.63885,-82.33857,878.0,Dollar General,29.631980529609237,-82.33976197370038,Discount Store
1303 SW 13th St,32608,29.63885,-82.33857,878.0,Domino's Pizza,29.632550690932526,-82.33986586332321,Pizza Place
1303 SW 13th St,32608,29.63885,-82.33857,878.0,Performing Arts Center,29.64063469557251,-82.33533436565493,Theater
1303 SW 13th St,32608,29.63885,-82.33857,878.0,Panda Express,29.64053787354876,-82.34490418348567,Chinese Restaurant
1303 SW 13th St,32608,29.63885,-82.33857,878.0,Einstein Bros Bagels,29.640151,-82.344202,Bagel Shop
1303 SW 13th St,32608,29.63885,-82.33857,878.0,SUBWAY,29.640010180943207,-82.3432993449585,Sandwich Place
1303 SW 13th St,32608,29.63885,-82.33857,878.0,Arby's,29.6376441,-82.3388913,Fast Food Restaurant
1303 SW 13th St,32608,29.63885,-82.33857,878.0,Shands Fitness and Wellness Center,29.638406737710916,-82.33931997715416,Gym
1303 SW 13th St,32608,29.63885,-82.33857,878.0,Gator Liquor,29.636057951139918,-82.33823411790264,Liquor Store
1303 SW 13th St,32608,29.63885,-82.33857,878.0,Hop Top Lounge,29.636001,-82.338175,Beer Bar
1303 SW 13th St,32608,29.63885,-82.33857,878.0,Xtra Liquors,29.635164,-82.339834,Liquor Store
1303 SW 13th St,32608,29.63885,-82.33857,878.0,Wendy’s,29.639916121614476,-82.3435443650655,Fast Food Restaurant
1303 SW 13th St,32608,29.63885,-82.33857,878.0,AK Security Services,29.636644244107647,-82.33430498703308,Business Service
1303 SW 13th St,32608,29.63885,-82.33857,878.0,Terrace Market Cafe,29.633461071359132,-82.34272061968787,Café
1303 SW 13th St,32608,29.63885,-82.33857,878.0,Tumblin' Creek Park,29.642901352418118,-82.33259741318938,Lake
1303 SW 13th St,32608,29.63885,-82.33857,878.0,Bartram-Carr Woods,29.64172636723514,-82.34559963299792,Park
1303 SW 13th St,32608,29.63885,-82.33857,878.0,China Star,29.631822,-82.339605,Asian Restaurant
1303 SW 13th St,32608,29.63885,-82.33857,878.0,Royal Village Pool,29.64392556597886,-82.33271037940914,Pool
1303 SW 13th St,32608,29.63885,-82.33857,878.0,Days Inn,29.634437772000226,-82.33871699034114,Hotel
1902 SW 42nd Way,32607,29.635485,-82.388752,887.5,Wingstop,29.636182799009976,-82.3886154142026,Wings Joint
1902 SW 42nd Way,32607,29.635485,-82.388752,887.5,Redbox,29.636035919189453,-82.38822937011719,Video Store
1902 SW 42nd Way,32607,29.635485,-82.388752,887.5,Circle K,29.636178,-82.388254,Convenience Store
1902 SW 42nd Way,32607,29.635485,-82.388752,887.5,Forest Park,29.635693171697117,-82.39044471097654,Park
1902 SW 42nd Way,32607,29.635485,-82.388752,887.5,SW 20th and SW 43rd Bus Stop,29.635521127776844,-82.38820458012911,Bus Station
1902 SW 42nd Way,32607,29.635485,-82.388752,887.5,Cabana Beach Pool Area,29.6372964919793,-82.39606622647534,Hotel Pool
3316 SW 41st Pl,32608,29.61598,-82.37157,854.0,Swamp Head Brewery,29.614726,-82.37681600000002,Brewery
3316 SW 41st Pl,32608,29.61598,-82.37157,854.0,Embers,29.62109,-82.37232,Steakhouse
3316 SW 41st Pl,32608,29.61598,-82.37157,854.0,India Bazaar,29.621317575342285,-82.37353552018538,Grocery Store
3316 SW 41st Pl,32608,29.61598,-82.37157,854.0,Stage 7 KTV,29.614951,-82.37269,Karaoke Bar
3316 SW 41st Pl,32608,29.61598,-82.37157,854.0,Dollar General,29.61508560180664,-82.37133026123047,Discount Store
3316 SW 41st Pl,32608,29.61598,-82.37157,854.0,Pho Hanoi,29.621132907827786,-82.37356772878739,Vietnamese Restaurant
3316 SW 41st Pl,32608,29.61598,-82.37157,854.0,Redbox,29.622066497802734,-82.37206268310547,Video Store
3316 SW 41st Pl,32608,29.61598,-82.37157,854.0,Fairfield Inn & Suites by Marriott Gainesville I-75,29.618693544999225,-82.37815976142883,Hotel
3316 SW 41st Pl,32608,29.61598,-82.37157,854.0,Fairfield Inn and Suites,29.618841,-82.378131,Hotel
3316 SW 41st Pl,32608,29.61598,-82.37157,854.0,US Post Office,29.610448395330177,-82.37326435581969,Post Office
3316 SW 41st Pl,32608,29.61598,-82.37157,854.0,The Laurels' Pool,29.610912322998047,-82.36956024169922,Pool
3316 SW 41st Pl,32608,29.61598,-82.37157,854.0,Immaculate Landscapes,29.616221875844413,-82.36532807350157,Construction & Landscaping
3010 SW 23rd Ter,32608,29.62441,-82.35752,849.0,Steak 'n Shake,29.629595956621543,-82.36233450214378,American Restaurant
3010 SW 23rd Ter,32608,29.62441,-82.35752,849.0,University Club Wooden Bus Stop,29.62578715352175,-82.35632944786273,Bus Station
3010 SW 23rd Ter,32608,29.62441,-82.35752,849.0,1208!,29.6232447,-82.36458478333333,Smoke Shop
3010 SW 23rd Ter,32608,29.62441,-82.35752,849.0,Oxford Manor Pool (Back),29.627321412423168,-82.3641566073243,Water Park
3010 SW 23rd Ter,32608,29.62441,-82.35752,849.0,Gainesville Place Pool,29.621478452144224,-82.36436406296298,Pool
3010 SW 23rd Ter,32608,29.62441,-82.35752,849.0,Base! - Green Power Thing,29.62150764465332,-82.36511993408203,Lighthouse
1405 SW 10th Ter,32601,29.637897,-82.334891,819.0,Adam's Rib Co. South,29.63728195726988,-82.33896159515976,BBQ Joint
1405 SW 10th Ter,32601,29.637897,-82.334891,819.0,Avant Garde salon,29.638393553131436,-82.33932890691565,Salon / Barbershop
1405 SW 10th Ter,32601,29.637897,-82.334891,819.0,Blue Gill,29.638306773578048,-82.33933896549948,Southern / Soul Food Restaurant
1405 SW 10th Ter,32601,29.637897,-82.334891,819.0,Sai Kwik Stop,29.636157476660024,-82.33897662502804,Liquor Store
1405 SW 10th Ter,32601,29.637897,-82.334891,819.0,Momoyaki,29.635691,-82.339674,Sushi Restaurant
1405 SW 10th Ter,32601,29.637897,-82.334891,819.0,Steak 'n Shake,29.63608114021477,-82.33986891342732,American Restaurant
1405 SW 10th Ter,32601,29.637897,-82.334891,819.0,SUBWAY,29.634919165679648,-82.33905331779101,Sandwich Place
1405 SW 10th Ter,32601,29.637897,-82.334891,819.0,Wah Ha Ha Thai Restaurant,29.633533,-82.33977,Thai Restaurant
1405 SW 10th Ter,32601,29.637897,-82.334891,819.0,Home2 Suites by Hilton,29.6321845,-82.3390481,Hotel
1405 SW 10th Ter,32601,29.637897,-82.334891,819.0,Performing Arts Center,29.64063469557251,-82.33533436565493,Theater
1405 SW 10th Ter,32601,29.637897,-82.334891,819.0,Domino's Pizza,29.632550690932526,-82.33986586332321,Pizza Place
1405 SW 10th Ter,32601,29.637897,-82.334891,819.0,AK Security Services,29.636644244107647,-82.33430498703308,Business Service
1405 SW 10th Ter,32601,29.637897,-82.334891,819.0,Arby's,29.6376441,-82.3388913,Fast Food Restaurant
1405 SW 10th Ter,32601,29.637897,-82.334891,819.0,Dollar Tree,29.636409668634144,-82.3285851866412,Discount Store
1405 SW 10th Ter,32601,29.637897,-82.334891,819.0,Winn-Dixie,29.637333985513376,-82.32851866459504,Grocery Store
1405 SW 10th Ter,32601,29.637897,-82.334891,819.0,Backstage Lounge,29.637418542663806,-82.32664616886716,Rock Club
1405 SW 10th Ter,32601,29.637897,-82.334891,819.0,Hop Top Lounge,29.636001,-82.338175,Beer Bar
1405 SW 10th Ter,32601,29.637897,-82.334891,819.0,Gator Liquor,29.636057951139918,-82.33823411790264,Liquor Store
1405 SW 10th Ter,32601,29.637897,-82.334891,819.0,Shands Fitness and Wellness Center,29.638406737710916,-82.33931997715416,Gym
1405 SW 10th Ter,32601,29.637897,-82.334891,819.0,Xtra Liquors,29.635164,-82.339834,Liquor Store
1405 SW 10th Ter,32601,29.637897,-82.334891,819.0,Tumblin' Creek Park,29.642901352418118,-82.33259741318938,Lake
1405 SW 10th Ter,32601,29.637897,-82.334891,819.0,Halo Potato Donut Food Truck,29.63726802588473,-82.32672505707781,Food Truck
1405 SW 10th Ter,32601,29.637897,-82.334891,819.0,Days Inn,29.634437772000226,-82.33871699034114,Hotel
1901 SW 40th Ter,32607,29.634959,-82.384396,762.5,Wingstop,29.636182799009976,-82.3886154142026,Wings Joint
1901 SW 40th Ter,32607,29.634959,-82.384396,762.5,Olive Garden,29.628195861023688,-82.38518288686193,Italian Restaurant
1901 SW 40th Ter,32607,29.634959,-82.384396,762.5,DICK'S Sporting Goods,29.628288763212062,-82.38337720538829,Sporting Goods Shop
1901 SW 40th Ter,32607,29.634959,-82.384396,762.5,Redbox,29.636035919189453,-82.38822937011719,Video Store
1901 SW 40th Ter,32607,29.634959,-82.384396,762.5,Circle K,29.636178,-82.388254,Convenience Store
1901 SW 40th Ter,32607,29.634959,-82.384396,762.5,SW 20th and SW 43rd Bus Stop,29.635521127776844,-82.38820458012911,Bus Station
1901 SW 40th Ter,32607,29.634959,-82.384396,762.5,Forest Park,29.635693171697117,-82.39044471097654,Park
1901 SW 40th Ter,32607,29.634959,-82.384396,762.5,Aloft Gainesville University Area,29.6370228,-82.3786306,Hotel
117 SE 16th Ave,32601,29.631403,-82.325633,850.0,Backstage Lounge,29.637418542663806,-82.32664616886716,Rock Club
117 SE 16th Ave,32601,29.631403,-82.325633,850.0,Dollar Tree,29.636409668634144,-82.3285851866412,Discount Store
117 SE 16th Ave,32601,29.631403,-82.325633,850.0,Winn-Dixie,29.637333985513376,-82.32851866459504,Grocery Store
117 SE 16th Ave,32601,29.631403,-82.325633,850.0,Terrell's BBQ,29.636944,-82.32673,BBQ Joint
117 SE 16th Ave,32601,29.631403,-82.325633,850.0,Halo Potato Donut Food Truck,29.63726802588473,-82.32672505707781,Food Truck
117 SE 16th Ave,32601,29.631403,-82.325633,850.0,Liquid Creative,29.63792049,-82.32714832,Business Service
117 SE 16th Ave,32601,29.631403,-82.325633,850.0,Winn Dixie Liquors,29.637590089102986,-82.32847919768028,Liquor Store
5500 SW Archer Rd,32608,29.60939,-82.40224,795.0,Kanapaha Botanical Gardens,29.612416594294075,-82.40901969829191,Garden
5500 SW Archer Rd,32608,29.60939,-82.40224,795.0,Dogwood Park,29.607928955204205,-82.40147809873363,Dog Run
5500 SW Archer Rd,32608,29.60939,-82.40224,795.0,Gainesville Golf Practice Center,29.605832539067343,-82.40706295200076,Golf Course
6938 SW 45th Ave,32608,29.613359,-82.417557,850.0,Kanapaha Veterans Memorial Park,29.616997968361748,-82.42047535463544,Baseball Field
6938 SW 45th Ave,32608,29.613359,-82.417557,850.0,Greenary Square,29.608608197649104,-82.41683933549618,Garden Center
6938 SW 45th Ave,32608,29.613359,-82.417557,850.0,Kanapaha Track,29.60978594485729,-82.42149150062929,Track
6938 SW 45th Ave,32608,29.613359,-82.417557,850.0,SW Archer YMCA Field,29.608375158135694,-82.41687409,Soccer Field
6938 SW 45th Ave,32608,29.613359,-82.417557,850.0,Haile Plantation,29.610459570458147,-82.42265581630332,Golf Course
6938 SW 45th Ave,32608,29.613359,-82.417557,850.0,Haile Equestrian Center,29.61169644225913,-82.42475826552092,Farm
